"Freq [GHz]","lost_power_fraction []"
1,0.00694472946149294
1.049,0.00705438976373318
1.098,0.00717014312019149
1.147,0.00729175356774736
1.196,0.00741896240683304
1.245,0.00755149568672431
1.294,0.0076890700484652
1.343,0.00783139724010695
1.392,0.00797818757770918
1.441,0.0081291525802939
1.49,0.0082840069639214
1.539,0.00844247014218502
1.588,0.00860426734848363
1.637,0.0087691304694355
1.686,0.00893679865794483
1.735,0.00910701877812226
1.784,0.00927954572154566
1.833,0.00945414262459543
1.882,0.00963058100919822
1.931,0.00980864086366484
1.98,0.00998811067611494
2.029,0.0101687874298326
2.078,0.0103504765675622
2.127,0.0105329919300434
2.176,0.0107161556728165
2.225,0.0108997981644584
2.274,0.0110837578686941
2.323,0.0112678812124075
2.372,0.0114520224412231
2.421,0.011636043464095
2.47,0.0118198136881696
2.519,0.0120032098450843
2.568,0.0121861158097512
2.617,0.0123684224126411
2.666,0.0125500272465193
2.715,0.012730834468528
2.764,0.0129107545985006
2.813,0.0130897043143309
2.862,0.0132676062452057
2.911,0.0134443887634486
2.96,0.0136199857756937
3.009,0.0137943365140937
3.058,0.0139673853281668
3.107,0.0141390814779044
3.156,0.014309378928679
3.205,0.014478236148466
3.254,0.0146456159078366
3.303,0.0148114850831534
3.352,0.0149758144633357
3.401,0.0151385785605326
3.45,0.0152997554250046
3.499,0.0154593264644588
3.548,0.01561727626807
3.597,0.015773592435348
3.646,0.0159282654100269
3.695,0.0160812883190751
3.744,0.0162326568169121
3.793,0.0163823689349156
3.842,0.0165304249362149
3.891,0.0166768271758219
3.94,0.0168215799660645
3.989,0.0169646894473043
4.038,0.0171061634638916
4.087,0.0172460114452897
4.136,0.0173842442923009
4.185,0.0175208742683067
4.234,0.0176559148954213
4.283,0.0177893808554421
4.332,0.0179212878955164
4.381,0.0180516527383474
4.43,0.0181804929968707
4.479,0.0183078270932426
4.528,0.018433674181989
4.577,0.0185580540772279
4.626,0.0186809871837771
4.675,0.0188024944320421
4.724,0.01892259721653
4.773,0.0190413173378655
4.822,0.0191586769481441
4.871,0.0192746984995285
4.92,0.0193894046959181
4.969,0.0195028184475781
5.018,0.0196149628285999
5.067,0.0197258610370529
5.116,0.0198355363577303
5.165,0.019944012127342
5.214,0.0200513117020531
5.263,0.0201574584272576
5.312,0.0202624756094624
5.361,0.0203663864901971
5.41,0.0204692142218313
5.459,0.0205709818452012
5.508,0.0206717122689667
5.557,0.0207714282505871
5.606,0.0208701523788394
5.655,0.0209679070577916
5.704,0.0210647144921606
5.753,0.0211605966739519
5.802,0.0212555753703345
5.851,0.02134967211267
5.9,0.0214429081866202
5.949,0.021535304623282
5.998,0.0216268821912842
6.047,0.0217176613897726
6.096,0.0218076624422656
6.145,0.0218969052912764
6.194,0.0219854095936879
6.243,0.0220731947168379
6.292,0.0221602797352274
6.341,0.0222466834278483
6.39,0.0223324242760822
6.439,0.0224175204621152
6.488,0.0225019898678464
6.537,0.0225858500742603
6.586,0.022669118361205
6.635,0.0227518117075781
6.684,0.0228339467918718
6.733,0.0229155399930444
6.782,0.0229966073917121
6.831,0.0230771647716181
6.88,0.0231572276213683
6.929,0.0232368111364036
6.978,0.0233159302211908
7.027,0.023394599491618
7.076,0.0234728332775637
7.125,0.023550645625643
7.174,0.023628050302092
7.223,0.0237050607957913
7.272,0.0237816903214058
7.321,0.0238579518226417
7.37,0.023933857975584
7.419,0.0240094211921255
7.468,0.0240846536234691
7.517,0.0241595671636907
7.566,0.0242341734533492
7.615,0.0243084838831529
7.664,0.0243825095976515
7.713,0.0244562614989621
7.762,0.0245297502505191
7.811,0.0246029862808304
7.86,0.024675979787251
7.909,0.0247487407397607
7.958,0.0248212788847284
8.007,0.0248936037486893
8.056,0.0249657246420908
8.105,0.0250376506630398
8.154,0.0251093907010221
8.203,0.0251809534406058
8.252,0.0252523473651083
8.301,0.0253235807602543
8.35,0.0253946617177848
8.399,0.0254655981390437
8.448,0.0255363977385242
8.497,0.0256070680473842
8.546,0.025677616416916
8.595,0.0257480500219807
8.644,0.0258183758643992
8.693,0.0258886007762966
8.742,0.0259587314234156
8.791,0.0260287743083648
8.84,0.0260987357738439
8.889,0.0261686220058017
8.938,0.0262384390365624
8.987,0.026308192747901
9.036,0.026377888874065
9.085,0.026447533004753
9.134,0.0265171305880497
9.183,0.0265866869333016
9.232,0.0266562072139567
9.281,0.0267256964703486
9.33,0.0267951596124298
9.379,0.0268646014224668
9.428,0.0269340265576831
9.477,0.0270034395528466
9.526,0.0270728448228289
9.575,0.0271422466650956
9.624,0.0272116492621657
9.673,0.0272810566840218
9.722,0.0273504728904674
9.771,0.0274199017334512
9.82,0.0274893469593371
9.869,0.0275588122111334
9.918,0.0276283010306791
9.967,0.0276978168607859
10.016,0.0277673630473405
10.065,0.0278369428413612
10.114,0.0279065594010145
10.163,0.0279762157935922
10.212,0.0280459149974481
10.261,0.0281156599038934
10.31,0.0281854533190566
10.359,0.0282552979657003
10.408,0.0283251964850068
10.457,0.0283951514383204
10.506,0.0284651653088539
10.555,0.0285352405033703
10.604,0.0286053793538062
10.653,0.0286755841188925
10.702,0.0287458569857066
10.751,0.0288162000712191
10.8,0.0288866154237952
10.849,0.0289571050246621
10.898,0.0290276707893564
10.947,0.0290983145691233
10.996,0.0291690381523019
11.045,0.0292398432656745
11.094,0.0293107315757822
11.143,0.0293817046902208
11.192,0.0294527641589025
11.241,0.0295239114752885
11.29,0.0295951480776059
11.339,0.0296664753500238
11.388,0.0297378946238125
11.437,0.0298094071784781
11.486,0.0298810142428669
11.535,0.0299527169962476
11.584,0.0300245165693747
11.633,0.0300964140455209
11.682,0.0301684104614961
11.731,0.0302405068086274
11.78,0.0303127040337442
11.829,0.0303850030401155
11.878,0.0304574046883797
11.927,0.0305299097974558
11.976,0.0306025191454256
12.025,0.0306752334704034
12.074,0.0307480534713883
12.123,0.0308209798090894
12.172,0.0308940131067403
12.221,0.0309671539508926
12.27,0.0310404028921929
12.319,0.0311137604461444
12.368,0.0311872270938451
12.417,0.0312608032827201
12.466,0.0313344894272281
12.515,0.0314082859095582
12.564,0.0314821930803157
12.613,0.0315562112591756
12.662,0.0316303407355436
12.711,0.0317045817691849
12.76,0.0317789345908563
12.809,0.0318533994029064
12.858,0.031927976379875
12.907,0.0320026656690748
12.956,0.0320774673911646
13.005,0.0321523816407043
13.054,0.0322274084866998
13.103,0.0323025479731404
13.152,0.0323778001195185
13.201,0.0324531649213409
13.25,0.0325286423506277
13.299,0.0326042323564066
13.348,0.0326799348651904
13.397,0.0327557497814346
13.446,0.032831676988012
13.495,0.0329077163466527
13.544,0.0329838676983835
13.593,0.0330601308639611
13.642,0.0331365056442855
13.691,0.0332129918208202
13.74,0.0332895891559918
13.789,0.0333662973935823
13.838,0.0334431162591151
13.887,0.0335200454602387
13.936,0.033597084687089
13.985,0.033674233612657
14.034,0.033751491893141
14.083,0.0338288591682943
14.132,0.033906335061765
14.181,0.0339839191814298
14.23,0.0340616111197175
14.279,0.0341394104539335
14.328,0.0342173167465645
14.377,0.034295329545593
14.426,0.0343734483847933
14.475,0.0344516727840218
14.524,0.0345300022495124
14.573,0.0346084362741526
14.622,0.0346869743377646
14.671,0.0347656159073689
14.72,0.0348443604374542
14.769,0.0349232073702394
14.818,0.0350021561359244
14.867,0.0350812061529373
14.916,0.0351603568281871
14.965,0.0352396075572958
15.014,0.0353189577248361
15.063,0.0353984067045594
15.112,0.03547795385963
15.161,0.0355575985428338
15.21,0.0356373400968057
15.259,0.0357171778542362
15.308,0.0357971111380805
15.357,0.0358771392617719
15.406,0.0359572615294063
15.455,0.0360374772359554
15.504,0.0361177856674467
15.553,0.0361981861011624
15.602,0.0362786778058194
15.651,0.0363592600417563
15.7,0.0364399320611059
15.749,0.0365206931079757
15.798,0.0366015424186202
15.847,0.0366824792216063
15.896,0.0367635027379819
15.945,0.036844612181441
15.994,0.0369258067584763
16.043,0.0370070856685409
16.092,0.037088448104208
16.141,0.0371698932513098
16.19,0.0372514202890952
16.239,0.0373330283903731
16.288,0.0374147167216535
16.337,0.037496484443296
16.386,0.0375783307096365
16.435,0.0376602546691314
16.484,0.0377422554644911
16.533,0.0378243322328061
16.582,0.0379064841056792
16.631,0.0379887102093504
16.68,0.0380710096648292
16.729,0.0381533815880019
16.778,0.0382358250897656
16.827,0.0383183392761416
16.876,0.03840092324839
16.925,0.0384835761031262
16.974,0.0385662969324315
17.023,0.0386490848239711
17.072,0.0387319388610885
17.121,0.0388148581229292
17.17,0.0388978416845314
17.219,0.0389808886169428
17.268,0.0390639979873105
17.317,0.0391471688589899
17.366,0.0392304002916402
17.415,0.039313691341323
17.464,0.0393970410605955
17.513,0.0394804484986079
17.562,0.0395639127011969
17.611,0.0396474327109683
17.66,0.0397310075674011
17.709,0.0398146363069273
17.758,0.039898317963018
17.807,0.0399820515662774
17.856,0.0400658361445183
17.905,0.0401496707228526
17.954,0.0402335543237711
18.003,0.0403174859672235
18.052,0.0404014646707002
18.101,0.0404854894493131
18.15,0.0405695593158675
18.199,0.0406536732809464
18.248,0.0407378303529786
18.297,0.0408220295383176
18.346,0.0409062698413175
18.395,0.0409905502643989
18.444,0.0410748698081277
18.493,0.0411592274712772
18.542,0.0412436222509106
18.591,0.0413280531424373
18.64,0.0414125191396828
18.689,0.04149701923497
18.738,0.0415815524191598
18.787,0.0416661176817434
18.836,0.0417507140108888
18.885,0.0418353403935079
18.934,0.0419199958153286
18.983,0.0420046792609433
19.032,0.0420893897138833
19.081,0.0421741261566708
19.13,0.0422588875708807
19.179,0.0423436729372019
19.228,0.042428481235497
19.277,0.0425133114448547
19.326,0.0425981625436553
19.375,0.0426830335096173
19.424,0.042767923319863
19.473,0.0428528309509676
19.522,0.0429377553790166
19.571,0.0430226955796594
19.62,0.0431076505281632
19.669,0.0431926191994667
19.718,0.0432776005682313
19.767,0.0433625936088909
19.816,0.0434475972957089
19.865,0.0435326106028269
19.914,0.0436176325043091
19.963,0.0437026619742034
20.012,0.0437876979865791
20.061,0.0438727395155861
20.11,0.0439577855354941
20.159,0.0440428350207477
20.208,0.0441278869460118
20.257,0.0442129402862131
20.306,0.0442979940165966
20.355,0.0443830471127648
20.404,0.0444680985507263
20.453,0.0445531473069352
20.502,0.0446381923583472
20.551,0.0447232326824573
20.6,0.0448082672573406
20.649,0.0448932950617024
20.698,0.0449783150749187
20.747,0.0450633262770807
20.796,0.0451483276490358
20.845,0.0452333181724304
20.894,0.0453182968297532
20.943,0.0454032626043732
20.992,0.0454882144805889
21.041,0.0455731514436571
21.09,0.045658072479845
21.139,0.0457429765764676
21.188,0.0458278627219205
21.237,0.0459127299057305
21.286,0.0459975771185841
21.335,0.0460824033523805
21.384,0.0461672076002574
21.433,0.0462519888566344
21.482,0.0463367461172541
21.531,0.0464214783792162
21.58,0.0465061846410164
21.629,0.0465908639025866
21.678,0.0466755151653275
21.727,0.0467601374321511
21.776,0.0468447297075129
21.825,0.0469292909974496
21.874,0.0470138203096161
21.923,0.047098316653323
21.972,0.0471827790395737
22.021,0.0472672064810891
22.07,0.0473515979923599
22.119,0.0474359525896717
22.168,0.0475202692911372
22.217,0.0476045471167399
22.266,0.0476887850883643
22.315,0.0477729822298287
22.364,0.0478571375669232
22.413,0.0479412501274405
22.462,0.0480253189412094
22.511,0.0481093430401367
22.56,0.0481933214582271
22.609,0.0482772532316267
22.658,0.048361137398653
22.707,0.0484449729998278
22.756,0.0485287590779128
22.805,0.0486124946779348
22.854,0.0486961788472271
22.903,0.048779810635456
22.952,0.0488633890946587
23.001,0.0489469132792634
23.05,0.0490303822461398
23.099,0.0491137950546119
23.148,0.0491971507665041
23.197,0.0492804484461632
23.246,0.049363687160494
23.295,0.049446865978991
23.344,0.0495299839737665
23.393,0.0496130402195859
23.442,0.0496960337938916
23.491,0.0497789637768449
23.54,0.0498618292513394
23.589,0.0499446293030511
23.638,0.0500273630204565
23.687,0.0501100294948631
23.736,0.0501926278204454
23.785,0.0502751570942691
23.834,0.0503576164163226
23.883,0.0504400048895497
23.932,0.0505223216198769
23.981,0.0506045657162405
24.03,0.0506867362906227
24.079,0.0507688324580716
24.128,0.0508508533367398
24.177,0.0509327980479078
24.226,0.0510146657160141
24.275,0.0510964554686856
24.324,0.0511781664367646
24.373,0.0512597977543384
24.422,0.0513413485587697
24.471,0.0514228179907226
24.52,0.0515042051941893
24.569,0.0515855093165251
24.618,0.0516667295084706
24.667,0.0517478649241826
24.716,0.0518289147212616
24.765,0.0519098780607801
24.814,0.0519907541073124
24.863,0.0520715420289591
24.912,0.0521522409973738
24.961,0.0522328501877989
25.01,0.0523133687790867
25.059,0.0523937959537237
25.108,0.052474130897868
25.157,0.0525543728013722
25.206,0.0526345208578053
25.255,0.0527145742644902
25.304,0.0527945322225212
25.353,0.0528743939367997
25.402,0.0529541586160583
25.451,0.0530338254728798
25.5,0.053113393723742
25.549,0.0531928625890243
25.598,0.0532722312930544
25.647,0.0533514990641162
25.696,0.0534306651344923
25.745,0.0535097287404819
25.794,0.0535886891224295
25.843,0.0536675455247528
25.892,0.0537462971959671
25.941,0.0538249433887158
25.99,0.0539034833597919
26.039,0.0539819163701674
26.088,0.0540602416850199
26.137,0.0541384585737577
26.186,0.0542165663100472
26.235,0.0542945641718375
26.284,0.0543724514413862
26.333,0.0544502274052925
26.382,0.0545278913545117
26.431,0.0546054425843912
26.48,0.0546828803946908
26.529,0.0547602040896131
26.578,0.0548374129778253
26.627,0.0549145063724851
26.676,0.05499148359127
26.725,0.0550683439564061
26.774,0.0551450867946794
26.823,0.0552217114374809
26.872,0.0552982172208182
26.921,0.0553746034853444
26.97,0.0554508695763889
27.019,0.0555270148439773
27.068,0.0556030386428581
27.117,0.0556789403325328
27.166,0.0557547192772723
27.215,0.0558303748461537
27.264,0.0559059064130745
27.313,0.0559813133567878
27.362,0.0560565950609188
27.411,0.0561317509139994
27.46,0.0562067803094846
27.509,0.0562816826457849
27.558,0.0563564573262877
27.607,0.0564311037593813
27.656,0.0565056213584884
27.705,0.0565800095420748
27.754,0.0566542677336943
27.803,0.0567283953620018
27.852,0.0568023918607784
27.901,0.0568762566689616
27.95,0.0569499892306659
27.999,0.0570235889952135
28.048,0.057097055417151
28.097,0.0571703879562792
28.146,0.0572435860776838
28.195,0.0573166492517448
28.244,0.0573895769541796
28.293,0.0574623686660545
28.342,0.0575350238738133
28.391,0.0576075420693054
28.44,0.057679922749809
28.489,0.0577521654180515
28.538,0.057824269582242
28.587,0.0578962347560874
28.636,0.0579680604588263
28.685,0.0580397462152442
28.734,0.0581112915557062
28.783,0.0581826960161765
28.832,0.0582539591382489
28.881,0.0583250804691615
28.93,0.0583960595618304
28.979,0.0584668959748711
29.028,0.058537589272622
29.077,0.058608139025173
29.126,0.0586785448083802
29.175,0.0587488062039021
29.224,0.0588189227992213
29.273,0.0588888941876605
29.322,0.0589587199684178
29.371,0.0590283997465813
29.42,0.0590979331331665
29.469,0.0591673197451265
29.518,0.059236559205381
29.567,0.0593056511428504
29.616,0.0593745951924611
29.665,0.0594433909951918
29.714,0.0595120381980774
29.763,0.0595805364542464
29.812,0.0596488854229383
29.861,0.0597170847695362
29.91,0.0597851341655806
29.959,0.0598530332887981
30.008,0.0599207818231265
30.057,0.0599883794587395
30.106,0.0600558258920665
30.155,0.0601231208258231
30.204,0.0601902639690286
30.253,0.0602572550370326
30.302,0.060324093751542
30.351,0.060390779840641
30.4,0.0604573130388153
30.449,0.0605236930869781
30.498,0.0605899197324952
30.547,0.0606559927292017
30.596,0.0607219118374321
30.645,0.0607876768240497
30.694,0.0608532874624528
30.743,0.0609187435326195
30.792,0.0609840448211123
30.841,0.0610491911211176
30.89,0.0611141822324559
30.939,0.0611790179616212
30.988,0.0612436981217876
31.037,0.0613082225328428
31.086,0.0613725910214143
31.135,0.0614368034208801
31.184,0.0615008595714092
31.233,0.0615647593199719
31.282,0.0616285025203684
31.331,0.0616920890332536
31.38,0.0617555187261544
31.429,0.0618187914735041
31.478,0.0618819071566556
31.527,0.0619448656639057
31.576,0.0620076668905242
31.625,0.0620703107387739
31.674,0.0621327971179332
31.723,0.0621951259443176
31.772,0.062257297141311
31.821,0.062319310639378
31.87,0.0623811663760919
31.919,0.0624428642961642
31.968,0.0625044043514512
32.017,0.0625657865009944
32.066,0.0626270107110385
32.115,0.0626880769550453
32.164,0.0627489852137254
32.213,0.0628097354750609
32.262,0.062870327734323
32.311,0.0629307619941032
32.36,0.0629910382643235
32.409,0.0630511565622739
32.458,0.0631111169126209
32.507,0.0631709193474395
32.556,0.0632305639062357
32.605,0.0632900506359609
32.654,0.0633493795910414
32.703,0.0634085508334034
32.752,0.0634675644324814
32.801,0.0635264204652596
32.85,0.0635851190162783
32.899,0.0636436601776657
32.948,0.0637020440491533
32.997,0.0637602707381058
33.046,0.0638183403595339
33.095,0.0638762530361252
33.144,0.0639340088982576
33.193,0.0639916080840272
33.242,0.064049050739272
33.291,0.0641063370175849
33.34,0.064163467080342
33.389,0.064220441096722
33.438,0.0642772592437317
33.487,0.0643339217062174
33.536,0.0643904286769031
33.585,0.0644467803563912
33.634,0.0645029769532014
33.683,0.0645590186837836
33.732,0.0646149057725373
33.781,0.0646706384518378
33.83,0.0647262169620594
33.879,0.0647816415515817
33.928,0.0648369124768332
33.977,0.0648920300022898
34.026,0.0649469944005086
34.075,0.06500180595215
34.124,0.0650564649459857
34.173,0.0651109716789324
34.222,0.0651653264560641
34.271,0.0652195295906374
34.32,0.0652735814041071
34.369,0.0653274822261488
34.418,0.0653812323946823
34.467,0.065434832255884
34.516,0.0654882821642112
34.565,0.0655415824824221
34.614,0.0655947335815986
34.663,0.0656477358411568
34.712,0.0657005896488712
34.761,0.0657532954008991
34.81,0.0658058535017935
34.859,0.0658582643645265
34.908,0.0659105284104997
34.957,0.0659626460695765
35.006,0.0660146177800898
35.055,0.0660664439888669
35.104,0.0661181251512477
35.153,0.0661696617311004
35.202,0.0662210542008399
35.251,0.0662723030414492
35.3,0.0663234087424992
35.349,0.0663743718021584
35.398,0.0664251927272191
35.447,0.0664758720331113
35.496,0.0665264102439255
35.545,0.0665768078924184
35.594,0.0666270655200468
35.643,0.0666771836769724
35.692,0.0667271629220813
35.741,0.0667770038230119
35.79,0.0668267069561488
35.839,0.0668762729066699
35.888,0.0669257022685343
35.937,0.066974995644519
35.986,0.067024153646226
36.035,0.0670731768941019
36.084,0.0671220660174512
36.133,0.0671708216544564
36.182,0.0672194444521895
36.231,0.0672679350666332
36.28,0.0673162941626868
36.329,0.0673645224141978
36.378,0.067412620503959
36.427,0.0674605891237386
36.476,0.0675084289742812
36.525,0.0675561407653407
36.574,0.0676037252156749
36.623,0.067651183053078
36.672,0.0676985150143808
36.721,0.0677457218454719
36.77,0.0677928043013135
36.819,0.0678397631459522
36.868,0.067886599152531
36.917,0.0679333131033071
36.966,0.0679799057896605
37.015,0.0680263780121134
37.064,0.0680727305803382
37.113,0.068118964313173
37.162,0.0681650800386285
37.211,0.0682110785939132
37.26,0.0682569608254315
37.309,0.0683027275888072
37.358,0.0683483797488859
37.407,0.0683939181797526
37.456,0.0684393437647443
37.505,0.0684846573964563
37.554,0.0685298599767591
37.603,0.0685749524168046
37.652,0.0686199356370395
37.701,0.0686648105672134
37.75,0.0687095781463964
37.799,0.0687542393229785
37.848,0.0687987950546903
37.897,0.0688432463086026
37.946,0.0688875940611432
37.995,0.068931839298108
38.044,0.068975983014661
38.093,0.0690200262153515
38.142,0.0690639699141194
38.191,0.069107815134306
38.24,0.0691515629086588
38.289,0.0691952142793439
38.338,0.0692387702979506
38.387,0.0692822320254982
38.436,0.0693256005324494
38.485,0.0693688768987117
38.534,0.0694120622136442
38.583,0.0694551575760703
38.632,0.0694981640942771
38.681,0.0695410828860286
38.73,0.069583915078565
38.779,0.0696266618086132
38.828,0.0696693242223896
38.877,0.0697119034756091
38.926,0.0697544007334879
38.975,0.069796817170745
39.024,0.0698391539716153
39.073,0.0698814123298436
39.122,0.069923593448699
39.171,0.0699656985409718
39.22,0.0700077288289783
39.269,0.0700496855445688
39.318,0.0700915699291229
39.367,0.0701333832335561
39.416,0.0701751267183303
39.465,0.0702168016534412
39.514,0.0702584093184292
39.563,0.0702999510023861
39.612,0.0703414280039416
39.661,0.0703828416312816
39.71,0.0704241932021341
39.759,0.0704654840437851
39.808,0.0705067154930655
39.857,0.070547888896359
39.906,0.0705890056096001
39.955,0.0706300669982762
40.004,0.0706710744374177
40.053,0.0707120293116125
40.102,0.0707529330149931
40.151,0.0707937869512358
40.2,0.0708345925335683
40.249,0.0708753511847534
40.298,0.0709160643370985
40.347,0.070956733432456
40.396,0.0709973599221991
40.445,0.0710379452672446
40.494,0.0710784909380339
40.543,0.0711189984145341
40.592,0.0711594691862328
40.641,0.0711999047521368
40.69,0.0712403066207632
40.739,0.0712806763101348
40.788,0.07132101534778
40.837,0.0713613252707244
40.886,0.0714016076254804
40.935,0.0714418639680462
40.984,0.0714820958639053
41.033,0.0715223048880033
41.082,0.0715624926247577
41.131,0.0716026606680426
41.18,0.0716428106211774
41.229,0.0716829440969308
41.278,0.0717230627175003
41.327,0.0717631681145108
41.376,0.0718032619290062
41.425,0.0718433458114331
41.474,0.0718834214216408
41.523,0.0719234904288643
41.572,0.0719635545117153
41.621,0.0720036153581813
41.67,0.0720436746655979
41.719,0.0720837341406531
41.768,0.0721237954993665
41.817,0.0721638604670827
41.866,0.072203930778458
41.915,0.0722440081774472
41.964,0.0722840944172907
42.013,0.0723241912605053
42.062,0.0723643004788638
42.111,0.072404423853394
42.16,0.0724445631743468
42.209,0.0724847202411957
42.258,0.072524896862623
42.307,0.0725650948564955
42.356,0.0726053160498525
42.405,0.072645562278899
42.454,0.0726858353889758
42.503,0.0727261372345572
42.552,0.072766469679221
42.601,0.0728068345956423
42.65,0.072847233865574
42.699,0.0728876693798256
42.748,0.072928143038246
42.797,0.0729686567497142
42.846,0.0730092124321046
42.895,0.0730498120122829
42.944,0.0730904574260811
42.993,0.0731311506182788
43.042,0.0731718935425821
43.091,0.0732126881616022
43.14,0.073253536446845
43.189,0.0732944403786728
43.238,0.0733354019462997
43.287,0.0733764231477607
43.336,0.0734175059898984
43.385,0.0734586524883261
43.434,0.073499864667423
43.483,0.0735411445602953
43.532,0.0735824942087695
43.581,0.0736239156633554
43.63,0.0736654109832264
43.679,0.0737069822362003
43.728,0.0737486314987091
43.777,0.0737903608557772
43.826,0.0738321724009897
43.875,0.0738740682364836
43.924,0.0739160504729003
43.973,0.0739581212293794
44.022,0.0740002826335143
44.071,0.0740425368213432
44.12,0.0740848859373086
44.169,0.0741273321342337
44.218,0.074169877573299
44.267,0.0742125244240094
44.316,0.0742552748641676
44.365,0.0742981310798451
44.414,0.0743410952653535
44.463,0.0743841696232154
44.512,0.0744273563641313
44.561,0.0744706577069569
44.61,0.0745140758786671
44.659,0.074557613114326
44.708,0.074601271657055
44.757,0.0746450537580052
44.806,0.0746889616763238
44.855,0.074732997679123
44.904,0.0747771640414432
44.953,0.0748214630462257
45.002,0.0748658969842811
45.051,0.074910468154248
45.1,0.0749551788625646
45.149,0.0750000314234395
45.198,0.0750450281588085
45.247,0.0750901713983058
45.296,0.0751354634792261
45.345,0.0751809067464939
45.394,0.075226503552617
45.443,0.0752722562576702
45.492,0.075318167229239
45.541,0.0753642388423947
45.59,0.0754104734796532
45.639,0.0754568735309444
45.688,0.0755034413935617
45.737,0.0755501794721393
45.786,0.0755970901786047
45.835,0.0756441759321426
45.884,0.0756914391591598
45.933,0.0757388822932371
45.982,0.0757865077751019
46.031,0.0758343180525819
46.08,0.0758823155805617
46.129,0.0759305028209563
46.178,0.075978882242649
46.227,0.0760274563214761
46.276,0.076076227540162
46.325,0.0761251983882972
46.374,0.0761743713622824
46.423,0.0762237489652939
46.472,0.076273333707242
46.521,0.0763231281047225
46.57,0.0763731346809791
46.619,0.0764233559658589
46.668,0.0764737944957654
46.717,0.0765244528136264
46.766,0.0765753334688308
46.815,0.0766264390172025
46.864,0.0766777720209438
46.913,0.0767293350485986
46.962,0.0767811306750008
47.011,0.0768331614812305
47.06,0.076885430054575
47.109,0.0769379389884693
47.158,0.076990690882464
47.207,0.0770436883421687
47.256,0.0770969339792096
47.305,0.0771504304111779
47.354,0.0772041802615897
47.403,0.0772581861598347
47.452,0.077312450741122
47.501,0.0773669766464463
47.55,0.0774217665225233
47.599,0.0774768230217486
47.648,0.0775321488021498
47.697,0.077587746527336
47.746,0.0776436188664466
47.795,0.0776997684941007
47.844,0.0777561980903518
47.893,0.0778129103406294
47.942,0.0778699079356979
47.991,0.0779271935715963
48.04,0.0779847699495937
48.089,0.0780426397761346
48.138,0.0781008057627868
48.187,0.0781592706261914
48.236,0.0782180370880099
48.285,0.0782771078748696
48.334,0.0783364857183121
48.383,0.078396173354745
48.432,0.0784561735253783
48.481,0.0785164889761816
48.53,0.0785771224578222
48.579,0.0786380767256157
48.628,0.0786993545394681
48.677,0.0787609586638283
48.726,0.0788228918676195
48.775,0.0788851569242062
48.824,0.0789477566113137
48.873,0.0790106937109886
48.922,0.0790739710095417
48.971,0.0791375912974884
49.02,0.079201557369491
49.069,0.0792658720243068
49.118,0.0793305380647296
49.167,0.0793955582975305
49.216,0.0794609355334073
49.265,0.0795266725869146
49.314,0.0795927722764218
49.363,0.0796592374240437
49.412,0.0797260708555872
49.461,0.0797932754004931
49.51,0.0798608538917742
49.559,0.07992880916596
49.608,0.0799971440630383
49.657,0.0800658614263913
49.706,0.0801349641027421
49.755,0.0802044549420924
49.804,0.0802743367976576
49.853,0.0803446125258185
49.902,0.0804152849860463
49.951,0.0804863570408608
50,0.0805578315557473
