"Freq [GHz]","lost_power_fraction [] - gpillar_r='1um'","lost_power_fraction [] - gpillar_r='3um'","lost_power_fraction [] - gpillar_r='5um'","lost_power_fraction [] - gpillar_r='7um'","lost_power_fraction [] - gpillar_r='9um'","lost_power_fraction [] - gpillar_r='10um'"
1,0.0208257380098669,0.0181320214996735,0.0177739372792509,0.0177868181557492,0.0176266274729494,0.0175196748138895
1.1,0.0213388383581636,0.0186159916814158,0.0182650800629215,0.0182854991172817,0.0181145373570564,0.0180056814131251
1.2,0.0217945414218898,0.019045917332422,0.0187039080926081,0.018734712590987,0.0185506661146802,0.0184405008426835
1.3,0.0221967060615342,0.0194255898395477,0.0190933884298945,0.0191363159904968,0.0189377371874873,0.0188267205673699
1.4,0.0225506190213179,0.0197600188585175,0.0194379265014714,0.0194938675817468,0.0192799904348322,0.0191684291276343
1.5,0.0228619370003058,0.0200545147464013,0.0197424180645818,0.0198116403264755,0.0195822076203565,0.0194702668180691
1.6,0.0231361404395943,0.0203142105493243,0.0200117305485922,0.020094058565073,0.019849178674729,0.0197369116196434
1.7,0.0233782748632115,0.0205438329740383,0.0202504352141599,0.0203453886510088,0.0200854244530121,0.0199728134945573
1.8,0.0235928505579239,0.0207476120704248,0.0204626844434334,0.0205695814253497,0.020295067558787,0.0201820671393105
1.9,0.0237838269332536,0.0209292662220123,0.0206521716272728,0.0207702045428562,0.0204817874517366,0.0203683599245686
2,0.0239546399081476,0.0210920261465357,0.0208221366200379,0.0209504268610496,0.0206488222298921,0.0205349603843821
2.1,0.0241082490056586,0.0212386772679605,0.020975394877417,0.0211130318369547,0.0207989949018335,0.0206847295587461
2.2,0.0242471913198735,0.0213716088841735,0.0211143774413459,0.0212604459271231,0.0209347511210996,0.020820146297453
2.3,0.0243736355038488,0.0214928638084861,0.0212411743697937,0.0213947735833326,0.0210582008289674,0.0209433412642481
2.4,0.0244894323316278,0.0216041852069134,0.0213575774805604,0.021517833908255,0.0211711595396268,0.0210561355477166
2.5,0.0245961603074192,0.0217070591065618,0.0214651202437956,0.0216311961867078,0.0212751869789567,0.0211600803714295
2.6,0.0246951658586962,0.021802752046025,0.0215651138291183,0.0217362128325977,0.0213716219741901,0.0212564951785211
2.7,0.0247875982189865,0.0218923438875695,0.0216586789982505,0.0218340490961646,0.0214616131989502,0.0213465023462725
2.8,0.0248744393902151,0.0219767560965749,0.0217467739212141,0.0219257093532222,0.0215461457967874,0.0214310577112352
2.9,0.024956529696019,0.0220567759253741,0.0218302181992261,0.022012060069961,0.0216260641525283,0.0215109767729321
3,0.0250345894680827,0.0221330769816429,0.0219097134722525,0.0220938496808492,0.0217020912240749,0.0215869568563771
3.1,0.0251092373894576,0.0222062366551858,0.021985861018481,0.0221717256830504,0.0217748449263863,0.0216595957042584
3.2,0.0251810059765109,0.0222767508448224,0.0220591767445169,0.0222462492698065,0.021844852092204,0.0217294070175119
3.3,0.025250354628902,0.0223450463831585,0.0221301039362335,0.0223179078174802,0.0219125605259665,0.0217968334350033
3.4,0.0253176806227392,0.0224114915094189,0.0221990241014443,0.0223871255188755,0.0219783496177899,0.0218622573833919
3.5,0.0253833216226726,0.0224763985489748,0.0222662593727282,0.0224542638742276,0.0220425333962516,0.0219260033916177
3.6,0.0254475807389024,0.0225400470993959,0.0223320975502885,0.0225196505720289,0.0221053855632623,0.0219883628650635
3.7,0.0255107260622692,0.0226026838070255,0.0223967921157741,0.022583578396742,0.0221671412630737,0.0220495937221125
3.8,0.0255729847473313,0.0226645172449559,0.0224605562438852,0.0226462958430624,0.022227993450546,0.0221099141996778
3.9,0.0256345558512201,0.0227257298152069,0.0225235758130165,0.0227080219126113,0.0222881073014091,0.0221695155214634
4,0.0256956142749393,0.0227864814985722,0.022586013517826,0.022768950112042,0.0223476259751641,0.022228565718856
4.1,0.0257563141038975,0.0228469130294468,0.0226480123659129,0.0228292518628959,0.0224066754410666,0.0222872128664593
4.2,0.0258167914438503,0.0229071485872674,0.0227096986426367,0.0228890794136969,0.0224653683406587,0.0223455878262946
4.3,0.0258771668326231,0.0229672980811816,0.0227711844159146,0.0229485683307399,0.0225238069293874,0.0224038065789659
4.4,0.0259375472948115,0.0230274590920142,0.0228325696434233,0.0230078396319968,0.0225820852013217,0.0224619722071633
4.5,0.0259980280955923,0.0230877185251375,0.022893943937164,0.0230670016184266,0.0226402903415169,0.0225201765861255
4.6,0.0260586942406346,0.0231481540191256,0.0229553880343814,0.0231261514484592,0.02269850366564,0.0225785018268463
4.7,0.0261196217614263,0.0232088351478206,0.0230169750186465,0.0231853764942067,0.0227568011993309,0.0226370215103821
4.8,0.0261808788189575,0.0232698244474045,0.0230787713302766,0.0232447555119096,0.0228152540274474,0.0226958017454674
4.9,0.0262425266533967,0.0233311782950388,0.0231408376009248,0.0233043596540504,0.0228739285140031,0.0227549020764923
5,0.0263046204029682,0.0233929476614573,0.0232032293429521,0.0233642533463244,0.022932886463791,0.0228143762645924
5.1,0.026367209811532,0.0234551787563954,0.0232659975201471,0.0234244950490332,0.0229921852705662,0.0228742729609875
5.2,0.0264303398413152,0.0235179135828476,0.0233291890224696,0.0234851379194969,0.0230518780763709,0.0229346362886942
5.3,0.0264940512046292,0.0235811904136635,0.0233928470638771,0.0235462303895537,0.0231120139521592,0.0229955063462053
5.4,0.0265583808263016,0.0236450442019827,0.0234570115189176,0.0236078166700548,0.0231726381007147,0.0230569196445957
5.5,0.0266233622466862,0.0237095069352575,0.0235217192108554,0.0236699371925255,0.0232337920778331,0.0231189094877508
5.6,0.0266890259736755,0.0237746079411671,0.0235870041614342,0.0237326289966036,0.0232955140253989,0.023181506303904
5.7,0.0267553997908018,0.0238403741524893,0.0236528978102529,0.023795926070639,0.0233578389096418,0.0232447379354093
5.8,0.0268225090274942,0.0239068303369522,0.0237194292098589,0.0238598596517283,0.0234207987584601,0.0233086298926393
5.9,0.0268903767966338,0.0239739992971926,0.0237866252012275,0.0239244584905884,0.0234844228927864,0.0233732055769927
6,0.026959032035599,0.0240419094282739,0.0238545175550529,0.023989756106397,0.0235487451637251,0.0234384935838891
6.1,0.0270284865347523,0.0241105730650436,0.0239231225780598,0.0240557703676389,0.0236137835480485,0.0235045069056818
6.2,0.0270987578749126,0.0241800080382848,0.0239924613338091,0.0241225238206117,0.0236795604710458,0.0235712636647639
6.3,0.0271698621271838,0.0242502307968088,0.0240625532421044,0.0241900373213786,0.0237460964644809,0.023638780538039
6.4,0.0272418139808543,0.0243212565113827,0.0241334161936403,0.0242583301815489,0.0238134103320139,0.0237070728772322
6.5,0.0273146268571867,0.0243930991670738,0.0242050666564319,0.0243274202986099,0.0238815193002244,0.0237761548161237
6.6,0.0273883130108697,0.024465771645611,0.0242775197746791,0.0243973242727001,0.0239504391558953,0.0238460393663537
6.7,0.0274628836206013,0.0245392857991699,0.0243507894605723,0.0244680575114361,0.0240201843703904,0.0239167385031804
6.8,0.0275383488701161,0.0246136525167267,0.024424888479516,0.0245396343242322,0.0240907682120792,0.023988263242453
6.9,0.0276147180207778,0.0246888817839925,0.0244998285291593,0.0246120680073326,0.0241622028477674,0.0240606237098063
7,0.0276919994767107,0.024764982737736,0.0245756203126047,0.0246853709206463,0.0242344994341478,0.0241338292030019
7.1,0.0277702008433245,0.0248419637152166,0.0246522736061621,0.024759554557319,0.0243076682001978,0.0242078882482071
7.2,0.027849328979958,0.0249198322993077,0.0247297973219475,0.0248346296068848,0.024381718521432,0.0242828086508904
7.3,0.0279293900472991,0.0249985953598224,0.0248081995656803,0.0249106060126932,0.0244566589868517,0.0243585975419261
7.4,0.0280103895501266,0.0250782590914412,0.024887487689961,0.0249874930242941,0.0245324974593575,0.0244352614194318
7.5,0.0280923323758806,0.0251588290486245,0.0249676683433345,0.0250652992452973,0.0246092411303337,0.0245128061867873
7.6,0.0281752228294772,0.02524031017779,0.0250487475154129,0.0251440326772428,0.0246868965690488,0.0245912371872345
7.7,0.0282590646647459,0.0253227068470211,0.0251307305783264,0.0252237007599034,0.024765469767442,0.0246705592353986
7.8,0.0283438611128279,0.0254060228735101,0.0252136223247473,0.0253043104084149,0.0248449661808272,0.0247507766460547
7.9,0.0284296149078021,0.0254902615489435,0.0252974270027281,0.0253858680475842,0.0249253907649753,0.0248318932603685
8,0.0285163283098166,0.0255754256629579,0.0253821483475537,0.0254683796436848,0.0250067480099972,0.0249139124698989
8.1,0.0286040031259241,0.0256615175248261,0.0254677896108245,0.0255518507340325,0.0250890419714039,0.0249968372385184
8.2,0.0286926407288367,0.025748538983471,0.0255543535869355,0.0256362864545606,0.0251722762986923,0.0250806701224693
8.3,0.0287822420737308,0.0258364914459199,0.0256418426371134,0.0257216915656613,0.0252564542617532,0.0251654132886977
8.4,0.0288728124411506,0.0259253804657652,0.0257302632631537,0.0258080752700875,0.0253415834280926,0.0252510730097217
8.5,0.0289643519916192,0.0260152066183305,0.0258196170400832,0.0258954417030535,0.0254276664130538,0.0253376507384998
8.6,0.0290568557739332,0.0261059655015894,0.0259099005967293,0.0259837898564868,0.0255147008398109,0.0254251430882671
8.7,0.0291503231974481,0.0261976569005226,0.0260011147480986,0.0260731232111398,0.025602688682079,0.0255135508133461
8.8,0.0292447533139332,0.0262902802299948,0.0260932599643344,0.0261634449822969,0.0256916316430244,0.0256028743493785
8.9,0.0293401448251978,0.026383834545186,0.026186336382313,0.0262547581387598,0.0257815311736869,0.0256931138236991
9,0.0294364960894823,0.0264783185508528,0.0262803438153648,0.0263470654211869,0.0258723884907909,0.0257842690646476
9.1,0.0295338051265938,0.026573730609444,0.0263752817611159,0.0264403693599022,0.0259642045941023,0.0258763396098784
9.2,0.0296320696218665,0.0266700687480719,0.0264711494073997,0.0265346722922778,0.0260569802834936,0.0259693247136922
9.3,0.0297312869289242,0.0267673306643694,0.0265679456361973,0.0266299763797919,0.0261507161759168,0.0260632233534144
9.4,0.0298314540712617,0.0268655137312183,0.0266656690254757,0.0267262836248442,0.0262454127224163,0.0261580342348287
9.5,0.0299325677426475,0.0269646150003552,0.0267643178488227,0.0268235958874174,0.0263410702253848,0.0262537557966692
9.6,0.0300346243063059,0.0270646312048333,0.0268638900726775,0.0269219149016654,0.0264376888562426,0.0263503862141511
9.7,0.0301376197928725,0.0271655587603349,0.0269643833509519,0.0270212422925114,0.0265352686737203,0.0264479234015249
9.8,0.0302415498970628,0.0272673937652884,0.0270657950167471,0.0271215795922913,0.0266338096429895,0.0265463650136041
9.9,0.0303464099730274,0.0273701319997671,0.0271681220708363,0.0272229282575457,0.0267333116558346,0.0266457084462156
10,0.0304521950282987,0.0274737689231184,0.0272713611665003,0.0273252896859816,0.0268337745521726,0.0267459508355084
10.1,0.0305588997162823,0.0275782996702725,0.0273755085902025,0.0274286652336717,0.0269351981431603,0.0268470890560126
10.2,0.0306665183271888,0.027683719046652,0.0274805602375146,0.0275330562325083,0.0270375822362688,0.0269491197173558
10.3,0.0307750447773107,0.0277900215216172,0.0275865115835581,0.0276384640079599,0.0271409266626648,0.0270520391594869
10.4,0.0308844725965313,0.02789720122036,0.0276933576471095,0.0277448898971126,0.0272452313073612,0.0271558434462415
10.5,0.030994794913933,0.0280052519141155,0.0278010929473284,0.0278523352670322,0.0273504961426272,0.0272605283570492
10.6,0.031106004441372,0.0281141670086175,0.027909711451892,0.0279608015333741,0.0274567212652545,0.0273660893765479
10.7,0.0312180934548432,0.0282239395306229,0.0280192065150755,0.0280702901792299,0.0275639069383818,0.0274725216818222
10.8,0.0313310537734939,0.0283345621123808,0.0281295708040331,0.028180802774104,0.0276720536386877,0.027579820126898
10.9,0.0314448851046968,0.0284460351520809,0.0282408045669708,0.0282923510654285,0.0277811715492172,0.0276879876053388
11,0.0315595697254666,0.0285583420925618,0.028352890270566,0.0284049268171534,0.0278912523306489,0.0277970097645294
11.1,0.0316750979158634,0.0286714742525973,0.0284658178950422,0.0285185319757411,0.028002297466466,0.0279068803507574
11.2,0.0317914593862377,0.0287854224690984,0.0285795762673902,0.0286331686488351,0.0281143089222318,0.0280175926874074
11.3,0.0319086432412424,0.02890017706829,0.0286941528880342,0.0287488391219611,0.0282272892394102,0.0281291396377616
11.4,0.0320266379401932,0.029015727833561,0.0288095337261676,0.0288655458736632,0.028341241644412,0.0282415135610997
11.5,0.0321454312535751,0.0291320639697094,0.0289257029783558,0.0289832915884638,0.0284561701758842,0.028354706260973
11.6,0.0322650102154992,0.0292491740633084,0.0290426427842841,0.0291020791668578,0.0285720798339583,0.0284687089242423
11.7,0.0323853610719427,0.0293670460389074,0.0291603328926913,0.0292219117314008,0.0286889767560122,0.028583512049242
11.8,0.0325064692246479,0.0294856671107809,0.0292787502698219,0.0293427926276839,0.0288068684245709,0.0286991053610709
11.9,0.0326283191706469,0.0296050237299576,0.0293978686421316,0.0294647254187624,0.0289257639143127,0.0288154777116379
12,0.0327508944374853,0.0297251015262974,0.029517657964752,0.0295877138712569,0.0290456741868661,0.0289326169616009
12.1,0.0328741775143365,0.0298458852454083,0.0296380838075598,0.0297117619310062,0.0291666124442443,0.0290505098407563
12.2,0.0329981497794496,0.0299673586803013,0.0297591066521077,0.029836873685668,0.0292885945545216,0.0291691417827443
12.3,0.0331227914245993,0.0300895045977855,0.0298806810956883,0.0299630533112332,0.0294116395669455,0.0292884967290876
12.4,0.0332480813775954,0.0302123046597611,0.0300027549643999,0.0300903049987635,0.029535770338187,0.0294085568965562
12.5,0.0333739972243454,0.0303357393398288,0.030125268346461,0.0302186328570836,0.0296610142973661,0.0295293025006357
12.6,0.0335005151325984,0.0304597878359131,0.030248152572006,0.0303480407864142,0.0297874043850401,0.0296507114264224
12.7,0.0336276097802351,0.0305844279800473,0.0303713291884554,0.0304785323171651,0.0299149802111913,0.0297727588365065
12.8,0.0337552542919655,0.0307096361470399,0.0304947090142612,0.0306101104073269,0.0300437894898937,0.0298954167033995
12.9,0.0338834201894966,0.0308353871644664,0.0306181914017153,0.0307427771910885,0.0301738898246705,0.0300186532516755
13,0.0340120773617401,0.0309616542274088,0.0307416639049602,0.0308765336706423,0.0303053509393592,0.0301424322923532
13.1,0.0341411940635005,0.0310884088226236,0.0308650026346719,0.0310113793425573,0.0304382574756227,0.0302667124290995
13.2,0.0342707369532655,0.0312156206683756,0.0309880736850081,0.0311473117498973,0.0305727125105531,0.0303914461128458
13.3,0.0344006729246148,0.0313432595967466,0.0311107334290754,0.0312843312161575,0.0307088509401256,0.0305165801652982
13.4,0.0345309652444279,0.0314712912007783,0.0312328371268934,0.0314224295247343,0.0308468298729179,0.0306420500972535
13.5,0.0346615746793499,0.0315996776993067,0.0313542506583437,0.0315615893764635,0.0309868321108417,0.0307677800282625
13.6,0.034792463188354,0.0317283817529057,0.0314748560952895,0.0317017941048878,0.0311290931725109,0.0308936839617145
13.7,0.0349235925132354,0.0318573645874929,0.0315945691502928,0.0318430214591406,0.0312739037989361,0.0310196617228352
13.8,0.0350549248563157,0.0319865863153922,0.0317133581069206,0.0319852426071821,0.0314216226150357,0.0311455965806594
13.9,0.0351864237635813,0.0321160064045229,0.0318312649521242,0.0321284210779594,0.0315726901548231,0.0312713526492276
14,0.0353180552479307,0.0322455843336218,0.0319484260512804,0.0322725116779903,0.0317276423360066,0.0313967721844565
14.1,0.0354497891854076,0.0323752804765081,0.032065088231184,0.0324174594345022,0.031887118630651,0.031521673008006
14.2,0.0355816010112563,0.0325050572622964,0.0321816150819755,0.032563198636625,0.0320518544543073,0.0316458464720605
14.3,0.0357134737304485,0.032634880659687,0.0322984784022486,0.0327096520669506,0.0322226364012107,0.0317690566578497
14.4,0.0358454002371271,0.0327647220301517,0.0324162316584717,0.032856730536198,0.032400179892764,0.0318910419071468
14.5,0.0359773859069967,0.0328945603844679,0.0325354662064194,0.0330043328505241,0.0325848603530223,0.0320115203433073
14.6,0.0361094513848578,0.0330243850565504,0.0326567559385389,0.0331523463499978,0.0327762013641508,0.0321302017344926
14.7,0.036241635435744,0.0331541987743661,0.0327806001748076,0.0333006481528521,0.0329720430937172,0.032246808786923
14.8,0.0363739976647423,0.03328402105671,0.0329073760710816,0.0334491072179104,0.0331675012219358,0.0323611114531057
14.9,0.0365066208426739,0.0334138917947607,0.0330373096467449,0.033597587292678,0.0333543359208723,0.0324729775265422
15,0.036639612512039,0.0335438747891467,0.033170469489254,0.0337459507448537,0.0335220224136235,0.0325824407171363
15.1,0.0367731055040571,0.0336740609122688,0.0333067813568293,0.0338940631826086,0.0336615504378256,0.0326897823456368
15.2,0.0369072569910371,0.033804570463856,0.0334460574896717,0.0340417986615052,0.033770479326078,0.0327956139180109
15.3,0.0370422457470051,0.0339355542055508,0.0335880326775753,0.0341890451670535,0.0338550104518206,0.0329009360995748
15.4,0.0371782674082048,0.0340671925259506,0.033732399894173,0.0343357099702734,0.0339267243462886,0.0330071396581451
15.5,0.0373155277172691,0.034199692233301,0.0338788405762096,0.0344817243995411,0.0339969846217938,0.0331159146944013
15.6,0.037454233987873,0.0343332806276643,0.0340270472217069,0.0346270475730356,0.0340734173195701,0.0332290551935344
15.7,0.0375945853073034,0.0344681967811042,0.0341767380878507,0.0347716687014747,0.0341595409384035,0.0333481868379145
15.8,0.037736781651657,0.0346046979279569,0.0343276751109203,0.0349156014731626,0.0342561142435366,0.0334745659285134
15.9,0.037880958104059,0.0347429976637689,0.034479633088728,0.0350589030152265,0.0343622072750224,0.0336086561080926
16,0.0380272289944836,0.034883296331583,0.034632436695078,0.0352016500740552,0.0344764676288106,0.0337502993703399
16.1,0.0381756657941015,0.0350257553824064,0.0347859430432526,0.0353439415976289,0.0345974980104566,0.0338987653482472
16.2,0.0383262941544347,0.0351704872134435,0.0349400377020064,0.0354858934388874,0.034724055150196,0.0340529526208157
16.3,0.0384790941083917,0.0353175486123397,0.035094630419447,0.0356276325628164,0.0348551059612242,0.0342116087044433
16.4,0.0386340032494863,0.0354669385377923,0.0352496509914402,0.0357692912365253,0.0349898207375045,0.0343735111856417
16.5,0.0387909223642143,0.0356186003480544,0.0354050455121888,0.035911001621892,0.0351275439935847,0.0345375843000525
16.6,0.0389497227640178,0.0357724279724628,0.0355607731103669,0.036052891089707,0.0352677612596926,0.0347029527301941
16.7,0.0391102544740137,0.0359282750391907,0.0357168031905129,0.036195078454888,0.0354100689963921,0.0348689488291647
16.8,0.0392723544786899,0.0360859657104743,0.0358731131519147,0.0363376712145726,0.0355541497109314,0.035035092277193
16.9,0.0394358543670256,0.0362453059547998,0.0360296865337187,0.0364807637702154,0.0356997522633359,0.0352010576009837
17,0.039600586915934,0.0364060941638193,0.0361865115265673,0.0366244365399064,0.0358466766258895,0.0353666396123596
17.1,0.0397663913577266,0.0365681303235583,0.0363435797912757,0.0367687558204661,0.0359947622175842,0.0355317221350023
17.2,0.0399331172608303,0.0367312232907625,0.0365008855299486,0.0369137742379533,0.0361438790136905,0.0356962521662441
17.3,0.0401006270940671,0.0368951960372865,0.0366584247616185,0.03705953162491,0.0362939207726361,0.0358602197576059
17.4,0.0402687976371815,0.0370598889666429,0.0368161947618317,0.0372060561765509,0.0364447998648799,0.0360236429996642
17.5,0.0404375204478223,0.0372251615624831,0.0369741936325125,0.037353365760325,0.0365964433102917,0.0361865571807196
17.6,0.0406067016069122,0.0373908927047053,0.0371324199745854,0.0375014692787453,0.0367487897274353,0.0363490071769099
17.7,0.0407762609513127,0.0375569800024484,0.0372908726412123,0.0376503680107164,0.0369017869725841,0.0365110422523538
17.8,0.0409461309751395,0.0377233384650158,0.0374495505539092,0.0378000568793732,0.0370553903023726,0.0366727126078015
17.9,0.0411162555472538,0.0378898987810685,0.0376084525674804,0.0379505256136517,0.0372095609357725,0.0368340671704412
18,0.0412865885580255,0.0380566054176909,0.0377675773726926,0.0381017597860134,0.0373642649221538,0.0369951522481724
18.1,0.0414570925771433,0.0382234146939974,0.0379269234279359,0.0382537417201506,0.0375194722452189,0.0371560107751531
18.2,0.0416277381505201,0.0383902931459291,0.038086489978393,0.0384064547300924,0.0376751583266542,0.0373166812101035
18.3,0.04179850121076,0.0385572151332391,0.0382462748607985,0.0385598765246913,0.037831298704863,0.037477199381918
18.4,0.0419693625664815,0.0387241618899932,0.0384062745379417,0.0387139802954022,0.0379878691459335,0.0376375977116589
18.5,0.0421403079192315,0.0388911203864477,0.0385664862167111,0.0388687420003277,0.0381448495565625,0.0377979041191301
18.6,0.0423113263718606,0.0390580818613406,0.0387269067727347,0.039024137159017,0.0383022213520683,0.0379581431609309
18.7,0.0424824097388704,0.0392250408635672,0.0388875327556147,0.0391801411391862,0.038459967211963,0.0381183362808353
18.8,0.0426535519624131,0.039391994454049,0.0390483603977335,0.0393367293812358,0.0386180708793894,0.0382785020675004
18.9,0.0428247486227744,0.0395589415490272,0.0392093856255391,0.0394938775707515,0.0387765169958866,0.0384386565078036
19,0.0429959965319109,0.03972588238582,0.0393706040724387,0.0396515617679659,0.0389352909646687,0.0385988132287193
19.1,0.0431672933989516,0.0398928180929182,0.0395320110926992,0.0398097585020233,0.0390943788371121,0.0387589837237851
19.2,0.0433386375573098,0.0400597503478512,0.03969360177584,0.0399684448367556,0.0392537672181169,0.0389191775622728
19.3,0.0435100277440667,0.0402266811080556,0.0398553709611962,0.0401275984135991,0.0394134431869774,0.0390794025805229
19.4,0.0436814629232728,0.0403936124019276,0.0400173132523618,0.0402871974764869,0.0395733942309751,0.0392396650557436
19.5,0.04385294214594,0.0405605461690064,0.0401794230313504,0.0404472208825631,0.0397336081894902,0.0393999698630937
19.6,0.0440244644404135,0.0407274841400118,0.0403416944723273,0.0406076481020333,0.0398940732068304,0.0395603206171421
19.7,0.0441960287277871,0.0408944277489362,0.0405041215548355,0.0407684592097621,0.0400547776923129,0.03972071979895
19.8,0.0443676337578404,0.0410613780707345,0.0406666980764537,0.0409296348707504,0.0402157102863976,0.0398811688700119
19.9,0.0445392780616447,0.0412283357792889,0.0408294176648546,0.0410911563212482,0.0403768598318899,0.0400416683743527
20,0.0447109599176929,0.0413953011213129,0.0409922737892707,0.0412530053468228,0.0405382153494156,0.0402022180299154
20.1,0.0448826773288881,0.041562273902667,0.0411552597713264,0.0414151642585087,0.0406997660164752,0.0403628168103885
20.2,0.0450544280081932,0.0417292534842098,0.0413183687953018,0.0415776158678459,0.0408615011495533,0.0405234630184532
20.3,0.0452262093711624,0.0418962387849317,0.0414815939177926,0.0417403434614952,0.0410234101887917,0.0406841543514062
20.4,0.0453980185338528,0.04206322829049,0.041644928076834,0.041903330775897,0.0411854826848717,0.040844887959971
20.5,0.0455698523149242,0.0422302200657245,0.0418083641004825,0.042066561972365,0.0413477082877449,0.0410056605010566
20.6,0.0457417072409491,0.0423972117699742,0.0419718947148947,0.0422300216128886,0.041510076736994,0.0411664681851225
20.7,0.0459135796855899,0.0425642006170025,0.0421355133347176,0.0423936965858225,0.0416725790560398,0.0413273070781378
20.8,0.0460854654020965,0.042731183499084,0.0422992115769831,0.042557569960183,0.0418352037445087,0.0414881722677863
20.9,0.046257360086452,0.0428981569572928,0.0424629819039185,0.0427216273732603,0.041997940767489,0.0416490588555922
21,0.0464292591825201,0.0430651172019574,0.0426268167039071,0.0428858547755723,0.0421607801528418,0.0418099616442469
21.1,0.046601157894164,0.043232060131868,0.0427907082974616,0.0430502384121024,0.04232371198678,0.0419708751656341
21.2,0.0467730511976214,0.0433989813531659,0.0429546489428408,0.0432147648046889,0.0424867264101171,0.0421317937061834
21.3,0.0469449338539482,0.043565876197719,0.0431186308413497,0.0433794207355602,0.042649813615048,0.0422927113298497
21.4,0.0471168004213624,0.0437327397408936,0.0432826461423533,0.0435441932319787,0.0428129638424727,0.0424536218989685
21.5,0.0472886452673922,0.0438995668186256,0.0434466869480065,0.043709069551962,0.0429761673797191,0.0426145190932154
21.6,0.0474604625807295,0.0440663520437551,0.0436107453177357,0.0438740371710103,0.0431394145586558,0.0427753964268679
21.7,0.04763224638274,0.0442330898215836,0.0437748132724849,0.0440390837698075,0.0433026957541399,0.0429362472645413
21.8,0.0478039905385689,0.0443997743646533,0.043938882798736,0.0442041972228458,0.0434660013827546,0.0430970648355726
21.9,0.0479756887678368,0.044566399706765,0.0441029458523357,0.0443693655878972,0.0436293219017943,0.0432578422471643
22,0.0481473346548968,0.0447329597162234,0.0442669943621258,0.0445345770963073,0.0437926478084933,0.0434185724964458
22.1,0.0483189216586443,0.044899448108366,0.0444310202334061,0.0446998201440418,0.0439559696394366,0.0435792484815347
22.2,0.0484904431218769,0.0450658584573696,0.0445950153512296,0.0448650832834478,0.0441192779701566,0.0437398630117124
22.3,0.0486618922802384,0.0452321842073871,0.0447589715835533,0.0450303552156581,0.0442825634148818,0.0439004088167997
22.4,0.0488332622707082,0.0453984186830439,0.0449228807842454,0.045195624783644,0.0444458166264257,0.0440608785557996
22.5,0.0490045461396933,0.0455645550993179,0.045086734795966,0.0453608809658049,0.0446090282961986,0.0442212648248974
22.6,0.0491757368507129,0.0457305865708527,0.0452505254529337,0.0455261128701149,0.0447721891543227,0.0443815601648582
22.7,0.0493468272916965,0.0458965061207214,0.0454142445835737,0.0456913097287522,0.0449352899698549,0.0445417570678992
22.8,0.0495178102819217,0.0460623066886856,0.0455778840130629,0.0458564608931876,0.0450983215510853,0.0447018479840698
22.9,0.0496886785785955,0.0462279811389747,0.0457414355657902,0.0460215558297027,0.0452612747459183,0.0448618253271997
23,0.0498594248831082,0.046393522267627,0.0459048910677221,0.0461865841152968,0.0454241404423263,0.0450216814804308
23.1,0.0500300411767189,0.0465589220843842,0.046068241797773,0.0463515350065806,0.0455869090511893,0.0451814081323203
23.2,0.0502005199595114,0.0467241731629815,0.0462314794741997,0.0465163981452995,0.0457495714125494,0.0453409975091038
23.3,0.0503708544336032,0.0468892688234414,0.0463945964530407,0.04668116380064,0.0459121190132939,0.0455004425635639
23.4,0.0505410371328058,0.0470542016534223,0.0465575845890325,0.0468458219611487,0.0460745429085032,0.0456597356045645
23.5,0.0507110605621748,0.0472189642035382,0.0467204357492745,0.047010362710505,0.046236834196402,0.045818868933305
23.6,0.0508809172026079,0.0473835489925828,0.0468831418151815,0.0471747762252706,0.0463989840190916,0.0459778348471124
23.7,0.0510505995152378,0.0475479485124524,0.047045694684393,0.0473390527728521,0.0465609835633247,0.0461366256430148
23.8,0.0512200999456138,0.0477121552328454,0.0472080862726149,0.0475031827096826,0.0467228240612961,0.0462952336211391
23.9,0.0513894109276957,0.0478761616057145,0.0473703085154386,0.0476671564796033,0.0468844967914695,0.0464536510879169
24,0.0515585248876657,0.0480399600694956,0.0475323533700998,0.0478309646124176,0.047045993079425,0.0466118703591461
24.1,0.051727434247571,0.0482035430531523,0.0476942128172131,0.0479945977226203,0.0472073042987219,0.0467698837628976
24.2,0.0518961314288145,0.0483669029800147,0.0478558788624505,0.0481580465082805,0.0473684218717878,0.0469276836422899
24.3,0.05206460885549,0.0485300322714506,0.0480173435382181,0.048321301750069,0.0475293372708228,0.0470852623581429
24.4,0.0522328589575877,0.0486929233503791,0.0481785989052642,0.0484843543104236,0.0476900420187143,0.0472426122915116
24.5,0.0524008741740632,0.0488555686446204,0.0483396370542871,0.0486471951328304,0.0478505276899709,0.047399725846125
24.6,0.0525686469557932,0.0490179605901203,0.0485004501075023,0.0488098152412283,0.048010785911667,0.0475565954507175
24.7,0.0527361697684136,0.0491800916340353,0.0486610302201815,0.0489722057395167,0.0481708083643967,0.047713213561283
24.8,0.0529034350950504,0.0493419542376978,0.0488213695821835,0.0491343578111627,0.0483305867832397,0.0478695726632384
24.9,0.0530704354389614,0.0495035408794685,0.0489814604194463,0.0492962627188996,0.0484901129587354,0.0480256652735179
25,0.0532371633260696,0.0496648440574835,0.0491412949954647,0.049457911804516,0.0486493787378645,0.0481814839425936
25.1,0.0534036113074263,0.0498258562923068,0.0493008656127518,0.0496192964887132,0.0488083760250347,0.0483370212564333
25.2,0.053569771961586,0.0499865701294878,0.0494601646142784,0.0497804082710479,0.048967096783083,0.0484922698383974
25.3,0.0537356378969018,0.050146978142032,0.0496191843848959,0.0499412387299368,0.0491255330342695,0.0486472223510854
25.4,0.053901201753757,0.0503070729328042,0.0497779173527482,0.0501017795227276,0.049283676861283,0.0488018714981244
25.5,0.0540664562067276,0.0504668471368408,0.0499363559906579,0.0502620223858223,0.0494415204082551,0.0489562100259149
25.6,0.0542313907914182,0.0506262901378853,0.0500944897863735,0.0504219560550032,0.0495990527863387,0.0491102275397879
25.7,0.0543960012936205,0.0507853977882065,0.0502523141953181,0.0505815753509048,0.0497562692135779,0.0492639199254513
25.8,0.0545602805040503,0.0509441628337817,0.0504098218340093,0.0507408722506683,0.0499131620263588,0.0494172800690668
25.9,0.0547242212557585,0.0511025780614868,0.0505670053691365,0.0508998388115361,0.0500697236266128,0.0495703009061949
26,0.0548878164260062,0.0512606363011022,0.0507238575188964,0.0510584671712093,0.0502259464828358,0.0497229754233529
26.1,0.055051058938113,0.0514183304272893,0.0508803710543078,0.051216749548259,0.0503818231311098,0.0498752966595301
26.2,0.0552139417632542,0.0515756533615081,0.0510365388005285,0.0513746782425663,0.0505373461761298,0.0500272577076878
26.3,0.0553764579222199,0.0517325980739022,0.051192353638157,0.0515322456357901,0.0506925082922232,0.050178851716223
26.4,0.0555386004871386,0.0518891575851355,0.0513478085045161,0.05168944419188,0.050847302224378,0.0503300718904094
26.5,0.0557003625831658,0.0520453249681988,0.0515028963949495,0.0518462664575968,0.0510017207892619,0.0504809114938223
26.6,0.0558617373901382,0.0522010933501708,0.0516576103640877,0.052002705063076,0.0511557568762467,0.0506313638497319
26.7,0.0560227181441969,0.0523564559139527,0.051811943527123,0.0521587527224064,0.0513094034484311,0.0507814223424773
26.8,0.0561832981393841,0.0525114058999748,0.0519658890610679,0.0523144022342335,0.0514626535436576,0.0509310804188344
26.9,0.0563434707292069,0.0526659366078613,0.0521194402060104,0.0524696464823801,0.0516155002755335,0.0510803315893457
27,0.056503229328187,0.0528200413980809,0.0522725902663573,0.0526244784364951,0.0517679368344495,0.05122916942965
27.1,0.0566625674133638,0.0529737136935586,0.0524253326120817,0.0527788911527071,0.0519199564885893,0.0513775875817865
27.2,0.0568214785258009,0.0531269469812728,0.0525776606799456,0.052932877774302,0.0520715525849451,0.0515255797554856
27.3,0.0569799562720525,0.0532797348138194,0.0527295679747392,0.0530864315324165,0.052222718550329,0.0516731397294505
27.4,0.0571379943256116,0.0534320708109618,0.0528810480704924,0.053239545746737,0.0523734478923748,0.0518202613526172
27.5,0.0572955864283465,0.0535839486611513,0.0530320946116972,0.0533922138262207,0.0525237342005449,0.0519669385454071
27.6,0.0574527263919109,0.0537353621230295,0.0531827013145061,0.0535444292698229,0.0526735711471313,0.0521131653009679
27.7,0.0576094080991366,0.053886305026922,0.0533328619679494,0.0536961856672289,0.0528229524882488,0.0522589356863958
27.8,0.0577656255054095,0.0540367712762868,0.0534825704351147,0.0538474766996096,0.0529718720648317,0.0524042438439544
27.9,0.0579213726400346,0.0541867548491781,0.0536318206543531,0.0539982961403735,0.0531203238036211,0.0525490839922806
28,0.0580766412448842,0.0543362473756628,0.0537806043358183,0.0541486354844989,0.0532682993665377,0.0526934480778537
28.1,0.0582314254183055,0.0544852429037293,0.0539289154878446,0.0542984886064082,0.0534157927710806,0.052837330395644
28.2,0.0583857217563395,0.0546337380417554,0.0540767505601318,0.0544478519059095,0.0535628005330911,0.0529807277254998
28.3,0.0585395245995467,0.0547817270825884,0.054224103806143,0.0545967195357755,0.0537093169349062,0.0531236346057251
28.4,0.0586928283690418,0.0549292044006956,0.054370969560502,0.0547450857449102,0.0538553363495826,0.053266045656909
28.5,0.0588456275677595,0.0550761644535205,0.0545173422401528,0.0548929448791549,0.0540008532418539,0.0534079555830804
28.6,0.0589979167817197,0.0552226017828094,0.0546632163455048,0.0550402913820643,0.0541458621690882,0.0535493591728417
28.7,0.0591496906812823,0.05536851101594,0.0548085864615719,0.0551871197957064,0.0542903577822359,0.0536902513005004
28.8,0.0593009440223774,0.0555138868672269,0.0549534472591096,0.0553334247614615,0.054434334826772,0.0538306269271903
28.9,0.0594516716477441,0.0556587241392113,0.0550977934957469,0.05547920102081,0.0545777881436296,0.0539704811019843
29,0.0596018684881362,0.0558030177239479,0.0552416200171038,0.0556244434161427,0.0547207126701407,0.0541098089629968
29.1,0.0597515295635361,0.0559467626042655,0.0553849217579072,0.0557691468915458,0.0548631034409507,0.0542486057384866
29.2,0.0599006499843444,0.0560899538550269,0.0555276937431037,0.0559133064936077,0.0550049555889387,0.0543868667479379
29.3,0.0600492249525657,0.0562325866443615,0.0556699310889536,0.0560569173722086,0.0551462643461297,0.0545245874031475
29.4,0.0601972497629812,0.0563746562349041,0.0558116290041323,0.0561999747813221,0.0552870250445988,0.0546617632092953
29.5,0.0603447198043122,0.0565161579850026,0.0559527827908111,0.056342474079805,0.0554272331173649,0.0547983897660064
29.6,0.060491630560372,0.0566570873499206,0.0560933878457424,0.05648441073219,0.0555668840992838,0.0549344627684114
29.7,0.0606379776112113,0.0567974398830311,0.0562334396613257,0.056625780309473,0.0557059736279277,0.0550699780081927
29.8,0.0607837566342473,0.0569372112369925,0.0563729338266756,0.0567665784899011,0.0558444974444586,0.0552049313746289
29.9,0.0609289634053892,0.0570763971649102,0.056511866028675,0.056906801059756,0.0559824513944968,0.0553393188556203
30,0.0610735938001461,0.0572149935214884,0.0566502320530253,0.0570464439141291,0.0561198314289801,0.0554731365387185
30.1,0.061217643794733,0.0573529962641766,0.0567880277852791,0.0571855030577014,0.0562566336050103,0.0556063806121415
30.2,0.0613611094671622,0.057490401454284,0.0569252492118812,0.0573239746055106,0.0563928540866968,0.0557390473657826
30.3,0.0615039869983252,0.0576272052581019,0.0570618924211821,0.0574618547837193,0.056528489145991,0.0558711331922057
30.4,0.0616462726730639,0.0577634039479998,0.0571979536044543,0.0575991399303699,0.0566635351635099,0.0560026345876384
30.5,0.0617879570092312,0.0578989879013554,0.0573334232794159,0.0577358205942769,0.0567979827869442,0.0561335423578663
30.6,0.061929042309388,0.0580339595426294,0.0574683035564431,0.0578718991774794,0.0569318343958201,0.0562638589431528
30.7,0.0620695251796159,0.0581683154720239,0.0576025909445821,0.0580073723614345,0.0570650867047806,0.0563935811596127
30.8,0.0622094023341688,0.0583020524001215,0.0577362820597962,0.0581422369425051,0.0571977365403678,0.0565227059309403
30.9,0.0623486705964944,0.0584351671489338,0.0578693736259271,0.0582764898326802,0.0573297808418183,0.0566512302893426
31,0.0624873269002392,0.0585676566529075,0.0580018624756563,0.0584101280603025,0.0574612166618132,0.0567791513764856
31.1,0.0626253682902531,0.0586995179599386,0.0581337455514415,0.0585431487707892,0.0575920411672522,0.0569064664444152
31.2,0.062762791923571,0.0588307482323643,0.0582650199064574,0.0586755492273364,0.0577222516399963,0.0570331728564778
31.3,0.0628995950703887,0.0589613447479367,0.0583956827055139,0.0588073268116282,0.0578518454776141,0.0571592680882264
31.4,0.0630357751150365,0.0590913049007959,0.0585257312259757,0.0589384790245255,0.0579808201941074,0.0572847497283187
31.5,0.0631713295569221,0.059220626202412,0.0586551628586513,0.0590690034867563,0.0581091734206333,0.0574096154794025
31.6,0.0633062560114801,0.0593493062825289,0.0587839751086976,0.059198897939597,0.0582369029062172,0.0575338631589966
31.7,0.063440552211105,0.0594773428900776,0.0589121655964914,0.0593281602455367,0.0583640065184481,0.0576574907003551
31.8,0.0635742160060652,0.0596047338940948,0.0590397320584942,0.0594567883889483,0.058490482244173,0.0577804961533252
31.9,0.0637072453654158,0.0597314772846031,0.0591666723481139,0.0595847804767339,0.0586163281901757,0.0579028776851917
32,0.0638396383778909,0.0598575711735001,0.0592929844365467,0.0597121347389761,0.0587415425838401,0.058024633581512
32.1,0.0639713932527916,0.0599830137954137,0.0594186664136017,0.0598388495295684,0.0588661237738171,0.0581457622469398
32.2,0.0641025083208576,0.0601078035085534,0.0595437164885332,0.0599649233268454,0.0589900702306635,0.0582662622060403
32.3,0.0642329820351229,0.0602319387955438,0.0596681329908346,0.0600903547342031,0.0591133805474885,0.0583861321040856
32.4,0.0643628129717665,0.0603554182642397,0.0597919143710403,0.0602151424806992,0.0592360534405683,0.0585053707078518
32.5,0.0644919998309509,0.0604782406485307,0.0599150592015056,0.0603392854216583,0.0593580877499711,0.0586239769063899
32.6,0.0646205414376343,0.06060040480913,0.060037566177176,0.0604627825392578,0.0594794824401572,0.0587419497117969
32.7,0.0647484367423926,0.0607219097343404,0.060159434116341,0.0605856329431052,0.0596002366005696,0.0588592882599685
32.8,0.0648756848222021,0.0608427545408136,0.0602806619613774,0.0607078358708122,0.0597203494462249,0.0589759918113414
32.9,0.0650022817013532,0.0609629352316188,0.0604012456331929,0.0608293875090253,0.0598398171686921,0.0590920566334495
33,0.0651282267041922,0.0610824511751732,0.0605211843146877,0.0609502873476029,0.0599586392299808,0.0592074822327634
33.1,0.0652535224719143,0.0612013051209474,0.0606404804708225,0.0610705381922616,0.0600768183758262,0.0593222713671081
33.2,0.0653781685985214,0.0613194967099663,0.0607591335511019,0.0611901398017994,0.0601943543327476,0.0594364238058853
33.3,0.065502164808239,0.0614370257151732,0.0608771431326533,0.0613090920657362,0.0603112469555957,0.0595499394465863
33.4,0.065625510956221,0.0615538920420855,0.0609945089208887,0.0614273950048003,0.0604274962280665,0.0596628183154603
33.5,0.0657482070292652,0.0616700957294441,0.061111230750156,0.0615450487714453,0.0605431022632081,0.0597750605681616
33.6,0.0658702531464948,0.0617856369498336,0.0612273085843682,0.0616620536503164,0.0606580653039074,0.0598866664903965
33.7,0.065991649560032,0.0619005160103017,0.0613427425176236,0.0617784100587408,0.0607723857233816,0.0599976364985427
33.8,0.0661123966556663,0.0620147333529536,0.0614575327748113,0.0618941185471802,0.0608860640256357,0.0601079711402705
33.9,0.066232494953495,0.0621282895555296,0.0615716797122027,0.0620091797996952,0.0609991008459335,0.0602176710951349
34,0.0663519451085564,0.0622411853319701,0.0616851838180273,0.0621235946343776,0.0611114969512362,0.0603267371751629
34.1,0.0664707479114548,0.0623534215329626,0.0617980457130417,0.0622373640037883,0.0612232532406469,0.060435170325433
34.2,0.0665889042889584,0.0624649991464777,0.0619102661510668,0.062350488995379,0.0613343707458307,0.0605429716246229
34.3,0.0667064153045954,0.0625759192982777,0.0620218460195297,0.0624629708318973,0.0614448506314298,0.0606501422855634
34.4,0.0668232821592277,0.062686183252424,0.0621327863399886,0.0625748108717899,0.0615546941954694,0.0607566836557631
34.5,0.0669395061916132,0.0627957924117569,0.062243088268625,0.0626860106095881,0.0616639028697522,0.0608625972179279
34.6,0.0670550888789551,0.0629047483183627,0.0623527530967474,0.0627965716762908,0.0617724782202343,0.0609678845904663
34.7,0.0671700318374341,0.0630130526540277,0.0624617822512642,0.0629064958397244,0.0618804219473973,0.0610725475279685
34.8,0.0672843368227352,0.0631207072406781,0.0625701772951479,0.0630157850049005,0.0619877358866152,0.0611765879216945
34.9,0.0673980057305417,0.0632277140407949,0.0626779399278813,0.0631244412143652,0.0620944220084912,0.0612800078000231
35,0.0675110405970371,0.0633340751578228,0.0627850719858959,0.0632324666485224,0.0622004824192105,0.0613828093289035
35.1,0.0676234435993736,0.0634397928365612,0.062891575442993,0.0633398636259717,0.0623059193608566,0.0614849948122872
35.2,0.0677352170561445,0.0635448694635351,0.0629974524107454,0.0634466346038094,0.0624107352117352,0.0615865666925437
35.3,0.0678463634278229,0.0636493075673609,0.0631027051388928,0.0635527821779322,0.0625149324866753,0.0616875275508629
35.4,0.0679568792213984,0.0637531036124716,0.063207329943593,0.0636583030261632,0.0626185078258476,0.0617878741715861
35.5,0.0680667733337272,0.0638562666761133,0.0633113354754099,0.0637632061379586,0.0627214700857337,0.0618876154084125
35.6,0.0681760486575589,0.0639587997192289,0.0634147244047555,0.063867494531285,0.0628238221963777,0.0619867542652449
35.7,0.068284708229196,0.0640607058461488,0.0635174995416488,0.0639711713640181,0.0629255672254805,0.0620852938862919
35.8,0.0683927552288743,0.064161988304874,0.0636196638360393,0.0640742399341935,0.0630267083786615,0.0621832375563923
35.9,0.0685001929811331,0.0642626504873527,0.0637212203781209,0.0641767036802446,0.0631272489996998,0.0622805887013414
36,0.0686070249551588,0.0643626959297288,0.0638221723986248,0.0642785661812267,0.0632271925707644,0.0623773508881841
36.1,0.068713254765131,0.0644621283125885,0.0639225232691015,0.0643798311570383,0.0633265427126549,0.0624735278255119
36.2,0.0688188861705379,0.0645609514611913,0.0640222765021904,0.0644805024686219,0.0634253031849954,0.0625691233637306
36.3,0.068923923076498,0.0646591693456766,0.0641214357518771,0.0645805841181662,0.0635234778864629,0.0626641414953227
36.4,0.0690283695340487,0.0647567860812772,0.064220004813732,0.064680080249289,0.0636210708549675,0.062758586355093
36.5,0.0691322297404384,0.0648538059284981,0.064317987625145,0.0647789951472115,0.0637180862678476,0.0628524622204019
36.6,0.0692355080393973,0.0649502332932939,0.0644153882655399,0.0648773332389317,0.0638145284420452,0.0629457735113799
36.7,0.0693382089213921,0.0650460727272344,0.0645122109565815,0.0649750990933759,0.0639104018342772,0.0630385247911352
36.8,0.069440337023881,0.0651413289276528,0.064608460062361,0.0650722974215405,0.0640057110411922,0.0631307207659434
36.9,0.0695418971315384,0.0652360067377817,0.0647041400895859,0.0651689330766384,0.0641004607995222,0.0632223662854187
37,0.0696428941764863,0.0653301111468768,0.0647992556877395,0.0652650110542217,0.0641946559862275,0.0633134663426849
37.1,0.0697433332384981,0.0654236472903363,0.0648938116492368,0.0653605364922971,0.0642883016186261,0.0634040260745193
37.2,0.0698432195451953,0.0655166204497961,0.064987812909572,0.0654555146714364,0.0643814028545189,0.0634940507614898
37.3,0.0699425584722404,0.065609036053221,0.065081264547449,0.0655499510148745,0.0644739649923084,0.0635835458280737
37.4,0.0700413555435021,0.0657008996749835,0.0651741717848977,0.0656438510886021,0.0645659934711057,0.0636725168427731
37.5,0.0701396164312207,0.0657922170359349,0.0652665399873887,0.0657372206014369,0.0646574938708256,0.063760969518208
37.6,0.070237346956168,0.0658829940034511,0.0653583746639232,0.0658300654051028,0.0647484719122832,0.0638489097111951
37.7,0.0703345530877659,0.0659732365914908,0.0654496814671269,0.0659223914942929,0.0648389334572763,0.063936343422819
37.8,0.0704312384343486,0.0660629484021876,0.065540463663193,0.0660142025248259,0.0649288820363124,0.0640232743766572
37.9,0.0705274093555742,0.0661521358358185,0.0656307272799419,0.0661055048701166,0.0650183238840083,0.064109708955284
38,0.0706230748118349,0.0662408079391638,0.0657204809640365,0.0661963074701716,0.0651072677914146,0.0641956560490562
38.1,0.0707182413726131,0.0663289713168849,0.0658097309473042,0.0662866168960357,0.0651957201889283,0.0642811222406652
38.2,0.0708129157565833,0.0664166327202983,0.0658984836054628,0.066376439861893,0.0652836876482201,0.06436611425723
38.3,0.0709071048317002,0.0665037990473556,0.0659867454581473,0.066465783225078,0.0653711768822819,0.0644506389702857
38.4,0.0710008156152559,0.0665904773426226,0.0660745231689172,0.0665546539860758,0.0654581947454505,0.064534703395769
38.5,0.0710940552739367,0.0666766747972447,0.0661618235452661,0.0666430592885145,0.0655447482334325,0.0646183146939862
38.6,0.0711868311238689,0.0667623987489082,0.0662486535386045,0.0667310064191481,0.0656308444833116,0.0647014801695719
38.7,0.0712791506306486,0.066847656681785,0.0663350202442543,0.0668185028078277,0.0657164907735638,0.0647842072714297
38.8,0.071371021409373,0.0669324562264795,0.0664209309014191,0.0669055560274776,0.0658016945240537,0.0648665035926726
38.9,0.0714624512246568,0.0670168051599599,0.0665063928931454,0.0669921737940463,0.0658864632960292,0.0649483768705386
39,0.0715534479906346,0.0671007114054798,0.0665914137462853,0.0670783639664587,0.0659708047921077,0.0650298349863078
39.1,0.0716440197709592,0.0671841830325059,0.066676001131438,0.0671641345465598,0.0660547268562518,0.0651108859651996
39.2,0.0717341747787956,0.0672672282566149,0.0667601628628932,0.0672494936790504,0.0661382374737498,0.0651915379762565
39.3,0.0718239213767925,0.0673498554394048,0.0668439068985581,0.0673344496514103,0.0662213447711747,0.0652717993322286
39.4,0.0719132680770619,0.0674320730883869,0.0669272413398797,0.0674190108938172,0.0663040570163442,0.065351678489438
39.5,0.0720022235411346,0.0675138898568716,0.0670101744317613,0.0675031859790635,0.0663863826182798,0.0654311840476283
39.6,0.072090796579919,0.0675953145438499,0.0670927145624592,0.0675869836224552,0.0664683301271457,0.0655103247498192
39.7,0.0721789961536415,0.0676763560938724,0.067174870263488,0.0676704126817012,0.0665499082341927,0.0655891094821347
39.8,0.0722668313717876,0.0677570235969088,0.0672566502095083,0.0677534821568122,0.0666311257716864,0.0656675472736309
39.9,0.0723543114930287,0.0678373262882076,0.0673380632182033,0.0678362011899747,0.0667119917128459,0.0657456472961035
40,0.0724414459251459,0.0679172735481585,0.0674191182501606,0.0679185790654236,0.0667925151717503,0.0658234188638971
40.1,0.0725282442249363,0.0679968749021304,0.0674998244087282,0.0680006252093062,0.0668727054032606,0.0659008714337014
40.2,0.0726147160981221,0.0680761400203191,0.067580190939879,0.0680823491895421,0.0669525718029248,0.0659780146043253
40.3,0.0727008683926353,0.0681550756139799,0.0676602240868766,0.0681637577479522,0.0670321209194172,0.0660548552745148
40.4,0.0727867143135264,0.0682336949403087,0.0677399367116579,0.0682448638953712,0.0671113656055784,0.0661314063613299
40.5,0.0728722640168406,0.0683120081070308,0.067819338491162,0.0683256776280891,0.0671903156823702,0.0662076778925539
40.6,0.0729575278070801,0.0683900253659942,0.0678984392443116,0.0684062090835115,0.067268981111016,0.0662836800371199
40.7,0.0730425161370675,0.0684677571129664,0.0679772489318291,0.0684864685399741,0.0673473719928596,0.0663594231048496
40.8,0.0731272396078043,0.0685452138874572,0.0680557776560506,0.0685664664165607,0.0674254985692457,0.0664349175461746
40.9,0.0732117089683234,0.0686224063724945,0.0681340356607356,0.0686462132729042,0.0675033712213799,0.0665101739518543
41,0.0732959351155262,0.0686993453944389,0.068212033330873,0.0687257198089785,0.067581000470186,0.066585203052683
41.1,0.0733799290940109,0.0687760419227547,0.0682897811924643,0.0688049968648907,0.0676583969761595,0.0666600157191909
41.2,0.0734637020959113,0.0688525070697931,0.0683672899123217,0.0688840554206617,0.0677355715392054,0.0667346229613261
41.3,0.0735472654607042,0.0689287520905737,0.0684445702978467,0.0689629065959972,0.0678125350984846,0.0668090359281452
41.4,0.0736306306750222,0.0690047883825444,0.0685216332967932,0.0690415616500506,0.0678892987322419,0.0668832659074722
41.5,0.0737138093724566,0.0690806274853506,0.0685984899970534,0.0691200319811861,0.0679658736576267,0.066957324325572
41.6,0.0737968133333488,0.0691562810805886,0.0686751516264032,0.0691983291267232,0.0680422712305205,0.0670312227467945
41.7,0.0738796544845821,0.0692317609915569,0.0687516295522598,0.0692764647626793,0.068118502945345,0.0671049728732274
41.8,0.0739623448993526,0.0693070791830052,0.068827935281432,0.0693544507035023,0.0681945804348656,0.0671785865443267
41.9,0.0740448967969426,0.0693822477608672,0.0689040804598577,0.0694322989017994,0.0682705154699911,0.0672520757365505
42,0.0741273225424801,0.0694572789719971,0.0689800768723345,0.0695100214480549,0.068346319959572,0.0673254525629687
42.1,0.0742096346466974,0.0695321852038946,0.0690559364422508,0.0695876305703266,0.0684220059501755,0.0673987292728847
42.2,0.0742918457656649,0.06960697898443,0.069131671231309,0.0696651386339698,0.0684975856258737,0.0674719182514282
42.3,0.0743739687005414,0.069681672981551,0.0692072934392221,0.0697425581413138,0.0685730713080067,0.0675450320191532
42.4,0.0744560163972869,0.0697562800029937,0.0692828154034381,0.069819901731347,0.0686484754549562,0.0676180832316229
42.5,0.074538001946394,0.0698308129959849,0.0693582495988296,0.069897182179405,0.068723810661897,0.0676910846789856
42.6,0.0746199385825898,0.0699052850469384,0.0694336086373915,0.0699744123968201,0.0687990896605442,0.0677640492855447
42.7,0.0747018395765924,0.0699797092126943,0.0695089050251135,0.0700516053129066,0.0688743251701556,0.0678369900573514
42.8,0.0747837186477885,0.0700540990518174,0.0695841518350708,0.0701287743020498,0.0689495303842707,0.0679099203778522
42.9,0.0748655896387958,0.070128468302973,0.0696593623972899,0.0702059328664221,0.0690247186577791,0.0679828536902697
43,0.0749474663622385,0.0702028306100066,0.0697345498728472,0.0702830944616927,0.069099903269759,0.0680558034547614
43.1,0.0750293627733791,0.0702771997542963,0.0698097275582709,0.0703602726777291,0.0691750976344586,0.0681287832633336
43.2,0.0751112929697598,0.0703515896544185,0.0698849088851891,0.0704374812382189,0.0692503153010089,0.0682018068393609
43.3,0.0751932711908605,0.0704260143657788,0.0699601074199813,0.070514734000267,0.0693255699531079,0.0682748880370934
43.4,0.0752753118177156,0.070500488080251,0.0700353368634018,0.0705920449540015,0.0694008754087244,0.0683480408411515
43.5,0.0753574293725501,0.0705750251258086,0.0701106110502053,0.0706694282221471,0.0694762456197653,0.0684212793660274
43.6,0.0754396385183831,0.0706496399661406,0.0701859439487651,0.0707468980596154,0.0695516946717569,0.0684946178555585
43.7,0.0755219540586343,0.0707243472002647,0.0702613496606798,0.0708244688530647,0.0696272367835001,0.068568070682405
43.8,0.0756043909367033,0.070799161562132,0.0703368424203774,0.0709021551204606,0.0697028863067357,0.0686416523475169
43.9,0.0756869642355675,0.0708740979202149,0.0704124365947011,0.0709799715106258,0.0697786577257802,0.0687153774795863
44,0.0757696891773314,0.0709491712770995,0.0704881466825029,0.07105793280277,0.0698545656571709,0.068789260834497
44.1,0.0758525811227961,0.0710243967690552,0.070563987314203,0.0711360539060318,0.0699306248492892,0.0688633172947639
44.2,0.0759356555709932,0.0710997896656093,0.0706399732513763,0.071214349858984,0.0700068501819857,0.0689375618689619
44.3,0.0760189281587241,0.071175365369096,0.0707161193862915,0.0712928358291482,0.0700832566661859,0.0690120096911459
44.4,0.0761024146600845,0.0712511394142099,0.0707924407414708,0.0713715271124854,0.0701598594434915,0.0690866760202617
44.5,0.0761861309859648,0.0713271274675425,0.0708689524692247,0.0714504391328903,0.0702366737857733,0.0691615762395503
44.6,0.0762700931835458,0.0714033453271062,0.0709456698511804,0.0715295874416631,0.0703137150947512,0.0692367258559364
44.7,0.0763543174357891,0.0714798089218565,0.0710226082978071,0.0716089877169709,0.0703909989015726,0.0693121404994167
44.8,0.0764388200609044,0.0715565343111964,0.0710997833479246,0.0716886557633065,0.0704685408663583,0.0693878359224309
44.9,0.0765236175118036,0.0716335376844697,0.0711772106682024,0.0717686075109336,0.0705463567777704,0.0694638279992259
45,0.0766087263755484,0.0717108353604531,0.0712549060526548,0.0718488590153084,0.0706244625525485,0.0695401327252105
45.1,0.0766941633727797,0.0717884437868206,0.0713328854221148,0.0719294264565054,0.0707028742350364,0.0696167662163026
45.2,0.0767799489042032,0.0718663829108036,0.071411167922159,0.0720103295553213,0.0707816113125166,0.0696937482493443
45.3,0.0768660967379402,0.0719446663887068,0.0714897669406215,0.0720915816408351,0.0708606870831057,0.0697710919549372
45.4,0.0769526239955195,0.0720233110552281,0.0715686987791119,0.0721731992668433,0.0709401179746106,0.0698488138098197
45.5,0.0770395479296176,0.0721023338717196,0.0716479798638715,0.0722551991092942,0.0710199205404321,0.0699269304084884
45.6,0.0771268859234009,0.0721817519256059,0.0717276267451895,0.072337597965667,0.0711001114590639,0.0700054584624885
45.7,0.0772146554898839,0.0722615824297875,0.0718076560968148,0.0724204127542975,0.0711807075335353,0.0700844147997055
45.8,0.0773028742712428,0.072341842722029,0.071888084715369,0.0725036605137328,0.0712617256908801,0.0701638163636259
45.9,0.0773915600381528,0.0724225502643281,0.0719689295197387,0.0725873584020442,0.0713431829815683,0.0702436802126074
46,0.0774807306890629,0.0725037226422876,0.0720502075504547,0.0726715236961447,0.0714250965789419,0.0703240235191259
46.1,0.0775704042494974,0.0725853775644604,0.072131935969065,0.0727561737910815,0.071507483778632,0.0704048635690091
46.2,0.0776605988713142,0.0726675328616828,0.0722141320574888,0.0728413261993323,0.0715903619979581,0.0704862177606788
46.3,0.077751332831967,0.0727502064863993,0.0722968132173639,0.0729269985500639,0.0716737487753313,0.0705681036043507
46.4,0.0778426245337298,0.0728334165119715,0.0723799969693862,0.073013208588405,0.0717576617696293,0.0706505387212545
46.5,0.0779344925029258,0.0729171811319705,0.0724637009526206,0.0730999741746847,0.0718421187595676,0.0707335408428151
46.6,0.0780269553891288,0.0730015186594551,0.0725479429238171,0.0731873132836699,0.0719271376430513,0.070817127809843
46.7,0.0781200319643579,0.0730864475262356,0.0726327407567045,0.0732752440037861,0.0720127364365258,0.0709013175717004
46.8,0.0782137411222349,0.0731719862821315,0.0727181124412746,0.07336378453632,0.0720989332742992,0.0709861281854632
46.9,0.0783081018771499,0.0732581535941982,0.072804076083043,0.0734529531946187,0.0721857464078638,0.0710715778150563
47,0.078403133363398,0.0733449682459498,0.0728906499023246,0.0735427684032623,0.0722731942051983,0.0711576847304019
47.1,0.0784988548342981,0.073432449136573,0.0729778522334537,0.073633248697237,0.0723612951500625,0.0712444673065253
47.2,0.0785952856612956,0.0735206152800972,0.073065701524031,0.0737244127210805,0.0724500678412657,0.0713319440226751
47.3,0.0786924453330525,0.0736094858045902,0.0731542163341321,0.0738162792280241,0.0725395309919432,0.0714201334614124
47.4,0.0787903534545118,0.0736990799512984,0.0732434153355082,0.073908867079118,0.0726297034287889,0.0715090543076942
47.5,0.0788890297459593,0.0737894170738077,0.0733333173107815,0.0740021952423318,0.0727206040913094,0.0715987253479384
47.6,0.0789884980025656,0.0738805204705291,0.0734239447842776,0.0740962866081277,0.0728122557880588,0.0716891693321405
47.7,0.0790887784616969,0.0739724100009855,0.0735153170334845,0.0741911606337231,0.0729046779597678,0.0717804055220618
47.8,0.0791898873223401,0.0740651016142574,0.0736074496313308,0.0742868328810598,0.0729978862178529,0.0718724492338171
47.9,0.0792918447594077,0.0741586151073974,0.0737003617985115,0.0743833227395251,0.0730918999481821,0.0719653196528464
48,0.079394671058111,0.0742529703852112,0.0737940728622737,0.0744806497007242,0.0731867386453744,0.0720590360611616
48.1,0.0794983866129062,0.0743481874593217,0.0738886022555224,0.074578833357512,0.0732824219119315,0.0721536178363362
48.2,0.0796030119264112,0.0744442864471785,0.0739839695159083,0.0746778934030014,0.0733789694573835,0.0722490844504752
48.3,0.079708567608322,0.0745412875710768,0.0740801942848985,0.0747778496295501,0.0734764010974109,0.0723454554691729
48.4,0.0798150743742977,0.0746392111571492,0.0741772963068307,0.074878721927754,0.0735747367529399,0.0724427505504642
48.5,0.0799225530448462,0.0747380776343411,0.0742752954279502,0.0749805302853954,0.0736739964492423,0.0725409894437433
48.6,0.0800310245441662,0.0748379075333662,0.0743742115954432,0.075083294786399,0.073774200315011,0.0726401919886876
48.7,0.080140509898998,0.0749387214856552,0.0744740648564391,0.0751870356097744,0.0738753685814117,0.0727403781141545
48.8,0.0802510302374209,0.0750405402222694,0.0745748753570097,0.0752917730285249,0.0739775215811385,0.0728415678370617
48.9,0.0803626067876794,0.0751433845728172,0.0746766633411465,0.0753975274085556,0.0740806797474407,0.0729437812612679
49,0.0804752608769511,0.0752472754643418,0.0747794491497205,0.0755043192075683,0.0741848636131388,0.0730470385764161
49.1,0.0805890139301153,0.0753522339201835,0.074883253219438,0.0756121689739353,0.0742900938096185,0.0731513600567802
49.2,0.0807038874684983,0.0754582810588428,0.0749880960817658,0.0757210973455593,0.0743963910658213,0.0732567660600862
49.3,0.0808199031086072,0.0755654380928201,0.0750939983618431,0.0758311250487134,0.074503776207214,0.0733632770263176
49.4,0.0809370825608291,0.0756737263274241,0.0752009807773935,0.0759422728968887,0.0746122701547372,0.0734709134765178
49.5,0.0810554476281371,0.0757831671595732,0.0753090641376018,0.0760545617895914,0.0747218939237419,0.0735796960115538
49.6,0.0811750202047548,0.0758937820765941,0.07541826934198,0.0761680127111589,0.0748326686229182,0.0736896453108796
49.7,0.0812958222748225,0.0760055926549699,0.0755286173792214,0.0762826467295415,0.0749446154531976,0.0738007821312931
49.8,0.0814178759110238,0.0761186205590978,0.0756401293260427,0.0763984849950702,0.0750577557066412,0.0739131273056414
49.9,0.0815412032732138,0.0762328875400121,0.0757528263459956,0.076515548739221,0.0751721107653204,0.0740267017415569
50,0.081665826607024,0.0763484154341073,0.0758667296882668,0.0766338592733606,0.0752877021001682,0.0741415264201342
