"Freq [GHz]","lost_power_fraction [] - s='18um'","lost_power_fraction [] - s='19um'","lost_power_fraction [] - s='20um'","lost_power_fraction [] - s='22um'","lost_power_fraction [] - s='23.5um'","lost_power_fraction [] - s='24.5um'","lost_power_fraction [] - s='25.5um'","lost_power_fraction [] - s='26.5um'"
1,0.0203671389929062,0.0221629292238592,0.0194336779449225,0.0188064592202991,0.0184495721208988,0.0183977235069551,0.0179576646806774,0.0182318881463248
1.1,0.0209510440431187,0.022776019448338,0.0199839755416934,0.0193158912570336,0.018999973180711,0.0189249295758122,0.0185184546733425,0.0187889713513991
1.2,0.0214936186328525,0.023325196386894,0.0205042437091386,0.019803067949996,0.0195120354389253,0.0194111432707682,0.0190131153709869,0.0193069308126162
1.3,0.0219938821170958,0.0238152119321025,0.0209915611712666,0.0202641867726566,0.0199846065117167,0.0198562824632647,0.0194487365257021,0.0197846608401048
1.4,0.022452640785269,0.0242517186220168,0.0214448232602387,0.0206971253252486,0.0204182483183412,0.0202617971325058,0.019832543854754,0.0202227867668446
1.5,0.0228718391796514,0.024640565801112,0.0218642338544464,0.0211010561408728,0.0208146320053715,0.0206300553910902,0.020171368978603,0.0206230496292919
1.6,0.0232540794687047,0.0249873919819775,0.0222508900590923,0.021476107862654,0.0211760848913561,0.0209639050707856,0.0204714016354101,0.0209878466732186
1.7,0.0236022818609089,0.02529741194478,0.0226064591869171,0.0218230835663518,0.0215052669177954,0.0212663756592388,0.0207381072236321,0.0213199040929183
1.8,0.0239194552222184,0.0255753254829206,0.0229329375835541,0.0221432365020722,0.0218049495191649,0.0215404855573065,0.0209762349121892,0.0216220540211984
1.9,0.024208549565864,0.0258252983008368,0.0232324770542118,0.0224380978057034,0.0220778713980505,0.0217891247658882,0.0211898708734466,0.0218970895856668
2,0.0244723670242287,0.0260509830290841,0.0235072644449209,0.0227093482705604,0.0223266497926381,0.0220149895683132,0.0213825102289608,0.0221476761497264
2.1,0.0247135132064838,0.0262555603934341,0.023759441492675,0.0229587258045732,0.0225537304589552,0.0222205518143801,0.021557133102278,0.0223763016495767
2.2,0.0249343755495998,0.0264417885547373,0.0239910542697095,0.0231879608098038,0.0227613638171376,0.0224080503910684,0.0217162772349222,0.022585253279236
2.3,0.0251371190749654,0.026612053738224,0.0242040237985741,0.0233987328101921,0.0229515981882033,0.0225794962867735,0.0218621037073822,0.0227766113306134
2.4,0.0253236928694313,0.0267684184420975,0.0244001314193532,0.0235926428650039,0.0231262837387405,0.0227366854576017,0.0219964545831213,0.0229522537375912
2.5,0.0254958427463689,0.0269126654324926,0.0245810141478978,0.0237711974507375,0.0232870827503444,0.0228812156922887,0.0221209024979525,0.0231138669047859
2.6,0.0256551270695244,0.0270463368546591,0.0247481665710006,0.0239358004887809,0.0234354832733429,0.023014505048259,0.0222367928024372,0.0232629598640585
2.7,0.0258029337901608,0.0271707684200904,0.0249029468217892,0.0240877510155462,0.0235728142419408,0.0231378103640181,0.0223452791030919,0.0234008798309756
2.8,0.0259404974804545,0.0272871189597048,0.0250465849212365,0.0242282446432043,0.0237002608321201,0.0232522449732819,0.0224473530993477,0.0235288279440575
2.9,0.0260689156398073,0.0273963957858273,0.0251801923140668,0.0243583774636447,0.0238188793225556,0.0233587951505896,0.0225438695698287,0.0236478744517939
3,0.026189163877436,0.0274994763560732,0.025304771817108,0.0244791514312435,0.0239296110388243,0.0234583350758208,0.0226355672758664,0.0237589729338281
3.1,0.0263021097862302,0.0275971267263407,0.0254212274741911,0.0245914805460559,0.0240332951708557,0.0235516402645037,0.0227230864507405,0.023862973352664
3.2,0.0264085254563203,0.0276900172455616,0.0255303740044457,0.0246961973697535,0.0241306803876223,0.0236393995054638,0.0228069834447563,0.0239606338660368
3.3,0.02650909865781,0.0277787358978065,0.0256329456633832,0.0247940595598962,0.0242224352559919,0.0237222253998879,0.0228877430060103,0.0240526314124551
3.4,0.026604442768452,0.0278637996469489,0.0257296044257547,0.0248857562182915,0.0243091575194564,0.0238006636215802,0.0229657885973028,0.0241395711305459
3.5,0.0266951055458577,0.0279456640903125,0.0258209474583959,0.0249719139273614,0.0243913823188303,0.02387520102716,0.0230414910815964,0.0242219946985593
3.6,0.0267815768533112,0.0280247316829879,0.0259075138893006,0.0250531024031299,0.0244695894489578,0.0239462727439,0.0231151760510338,0.0243003876916855
3.7,0.0268642954488854,0.0281013587547779,0.0259897909025356,0.0251298397310596,0.0245442097483519,0.0240142683561539,0.0231871300266746,0.0243751860571665
3.8,0.0269436549430021,0.0281758615072017,0.0260682192019916,0.0252025971762898,0.024615630716098,0.0240795373016397,0.0232576057164509,0.0244467818040929
3.9,0.0270200090221761,0.0282485211483788,0.0261431978936366,0.0252718035763739,0.0246842014446679,0.024142393577945,0.0233268264861613,0.0245155279986679
4,0.0270936760279608,0.0283195882984631,0.0262150888382087,0.0253378493349516,0.0247502369500304,0.0242031198485878,0.0233949901714339,0.0245817431480945
4.1,0.0271649429710289,0.0283892867770856,0.0262842205257407,0.0254010900408108,0.0248140219725879,0.0242619710273708,0.0234622723365085,0.0246457150480857
4.2,0.0272340690514326,0.0284578168664225,0.026350891521051,0.0254618497398369,0.0248758143146228,0.0243191774099586,0.0235288290675595,0.0247077041608928
4.3,0.0273012887477327,0.0285253581285764,0.0264153735260958,0.0255204238883773,0.0249358477724364,0.0243749474127213,0.023594799373398,0.0247679465830427
4.4,0.0273668145300024,0.0285920718434477,0.0264779141013714,0.0255770820162804,0.0249943347144165,0.0244294699709621,0.0236603072541529,0.0248266566548392
4.5,0.027430839244806,0.0286581031228386,0.0265387390846855,0.0256320701267481,0.0250514683499519,0.024482916641669,0.0237254634884625,0.0248840292572394
4.6,0.0274935382140827,0.0287235827477851,0.0265980547418087,0.0256856128585398,0.0251074247284536,0.0245354434498033,0.0237903671814039,0.024940241835914
4.7,0.0275550710844229,0.0287886287688165,0.0266560496798731,0.0257379154342103,0.0251623645027037,0.0245871925118333,0.0238551071085435,0.0249954561871833
4.8,0.0276155834584496,0.0288533479027346,0.0267128965510126,0.0257891654160955,0.0252164344863425,0.0246382934656114,0.0239197628858127,0.0250498200360142
4.9,0.0276752083358575,0.0289178367543775,0.0267687535706205,0.0258395342897992,0.0252697690314126,0.0246888647317117,0.0239844059902126,0.0251034684323118
5,0.0277340673880131,0.028982182887547,0.0268237658717894,0.0258891788930444,0.0253224912484898,0.0247390146279205,0.0240491006524555,0.0251565249882878
5.1,0.0277922720869002,0.0290464657656683,0.0268780667149764,0.0259382427059614,0.0253747140889988,0.0247888423556181,0.0241139046393824,0.0252091029767172
5.2,0.0278499247064327,0.0291107575797151,0.026931778569673,0.0259868570172384,0.0254265413067356,0.024838438874257,0.0241788699412929,0.0252613063072707
5.3,0.0279071192118248,0.0291751239783852,0.0269850140828556,0.0260351419790243,0.025478068313402,0.0248878876779458,0.0242440433770498,0.025313230395881
5.4,0.0279639420506439,0.0292396247133335,0.0270378769472262,0.0260832075621177,0.0255293829410466,0.0249372654862897,0.0243094671279157,0.025364962940134
5.5,0.028020472857413,0.0293043142104685,0.0270904626806821,0.026131154421707,0.0255805661226178,0.0249866428600086,0.0243751792094711,0.0254165846120073
5.6,0.0280767850821045,0.0293692420767502,0.0271428593270796,0.0261790746828282,0.0256316925004144,0.0250360847504713,0.0244412138896326,0.025468169677791
5.7,0.0281329465515303,0.0294344535506227,0.0271951480871512,0.0262270526536974,0.0256828309709511,0.0250856509910884,0.0245076020596363,0.0255197865538011
5.8,0.0281890199715088,0.029499989903096,0.0272474038873607,0.0262751654741902,0.0257340451736874,0.0251353967374742,0.0245743715638821,0.0255714983053576
5.9,0.028245063376679,0.0295658887955382,0.027299695893573,0.0263234837059465,0.0257853939301169,0.0251853728624014,0.0246415474937518,0.0256233630955905
6,0.0283011319773918,0.0296321929970645,0.0273520910945883,0.0263720783189446,0.0258369363307668,0.0252356325982477,0.0247091612609475,0.025675439614027
6.1,0.0283572759720089,0.029698926578705,0.027404647461948,0.0264210039061554,0.0258887198076347,0.0252862145333703,0.02477722510202,0.0257277741275919
6.2,0.0284135414569523,0.0297661180189999,0.0274574192614831,0.0264703140686087,0.0259407907521936,0.0253371585113557,0.0248457572089927,0.0257804121671911
6.3,0.0284699712626141,0.02983379329562,0.0275104566351776,0.0265200577400104,0.0259931921212201,0.0253885013337454,0.0249147739277417,0.0258333957793755
6.4,0.0285266052158553,0.0299019760910724,0.027563805913937,0.0265702795572754,0.026045963698014,0.0254402769937315,0.0249842899253591,0.0258867637949506
6.5,0.0285834803771486,0.0299706879781885,0.027617509902605,0.0266210201995983,0.0260991423294925,0.0254925168880546,0.0250543183407178,0.0259405520730365
6.6,0.028640631255105,0.030039948587664,0.0276716081400725,0.0266723166989918,0.0261527621417057,0.0255452500094695,0.0251248709201042,0.0259947937231839
6.7,0.0286980900007913,0.0301097757596256,0.0277261371369905,0.0267242027248958,0.0262068547360725,0.0255985031218471,0.0251959581395637,0.0260495193078233
6.8,0.0287558865839832,0.0301801856809751,0.0277811305933167,0.0267767088452179,0.0262614493683279,0.0256523009197269,0.0252675893154004,0.0261047570270692
6.9,0.028814048953228,0.0302511930100336,0.027836619597679,0.0268298627659145,0.0263165731119674,0.0257066661739463,0.0253397727040987,0.0261605328876672
7,0.028872603181406,0.0303228109898476,0.027892632810321,0.0268836895510197,0.026372251007762,0.0257616198647644,0.0254125155927835,0.0262168708576704
7.1,0.0289315735982721,0.0303950515513351,0.0279491966312024,0.0269382118248457,0.026428506200734,0.0258171813037458,0.0254858243812085,0.0262737930082454
7.2,0.0289909829112926,0.0304679254073348,0.0280063353546524,0.0269934499579037,0.0264853600658385,0.02587336824553,0.0255597046561362,0.0263313196438659
7.3,0.0290508523159602,0.0305414421384865,0.0280640713118349,0.0270494222379534,0.0265428323234538,0.0259301969904744,0.0256341612588937,0.0263894694219996
7.4,0.0291112015966282,0.0306156102717682,0.0281224250021408,0.0271061450274482,0.0266009411456534,0.025987682479063,0.0257091983467772,0.02644825946328
7.5,0.0291720492187965,0.0306904373524237,0.0281814152145079,0.0271636329085388,0.0266597032541462,0.026045838378862,0.0257848194489246,0.0265077054530522
7.6,0.0292334124136838,0.0307659300099312,0.0282410591395746,0.0272218988166703,0.0267191340106544,0.0261046771647318,0.0258610275171904,0.0265678217350762
7.7,0.0292953072558272,0.0308420940185949,0.028301372473469,0.0272809541637303,0.026779247500434,0.0261642101929191,0.0259378249725108,0.0266286213981028
7.8,0.029357748734379,0.0309189343532762,0.0283623695139589,0.0273408089516143,0.0268400566095588,0.02622444776959,0.0260152137471871,0.0266901163559505
7.9,0.0294207508186885,0.0309964552407216,0.0284240632496198,0.0274014718769886,0.0269015730965258,0.0262853992143066,0.0260931953234758,0.0267523174216549
8,0.0294843265187107,0.0310746602069051,0.0284864654426058,0.0274629504279755,0.0269638076586903,0.0263470729188966,0.0261717707688298,0.0268152343762038
8.1,0.0295484879407152,0.0311535521207525,0.0285495867055559,0.0275252509734099,0.0270267699939714,0.026409476402121,0.0262509407680992,0.0268788760323143
8.2,0.029613246338731,0.0312331332345737,0.0286134365731173,0.0275883788452714,0.0270904688582409,0.0264726163605004,0.0263307056529731,0.0269432502936746
8.3,0.0296786121621073,0.0313134052215046,0.0286780235685195,0.0276523384148286,0.0271549121187606,0.0265364987156267,0.0264110654289098,0.0270083642100169
8.4,0.0297445950995447,0.0313943692102239,0.0287433552655936,0.027717133163005,0.0272201068039901,0.0266011286582587,0.0264920197997812,0.0270742240283672
8.5,0.0298112041199081,0.0314760258171809,0.0288094383465933,0.0277827657454189,0.0272860591500722,0.0266665106894583,0.0265735681904378,0.027140835240776
8.6,0.0298784475101015,0.0315583751765535,0.0288762786561471,0.0278492380525149,0.0273527746442562,0.0267326486590153,0.0266557097673727,0.0272082026288094
8.7,0.029946332910265,0.0316414169681291,0.0289438812516307,0.0279165512651743,0.0274202580655087,0.0267995458013723,0.0267384434576554,0.0272763303050524
8.8,0.0300148673465205,0.0317251504432834,0.0290122504502348,0.0279847059061556,0.0274885135225283,0.0268672047692508,0.0268217679662834,0.0273452217518562
8.9,0.0300840572614762,0.0318095744492175,0.0290813898729749,0.0280537018876891,0.0275575444893698,0.0269356276651481,0.0269056817920873,0.0274148798575369
9,0.0301539085426789,0.0318946874515942,0.0291513024858635,0.0281235385555199,0.0276273538388524,0.0270048160708792,0.0269901832423144,0.0274853069502178
9.1,0.0302244265491824,0.0319804875557047,0.0292219906384523,0.0281942147296766,0.0276979438739253,0.0270747710752999,0.0270752704460019,0.0275565048294908
9.2,0.0302956161363917,0.0320669725262833,0.0292934560999371,0.0282657287422155,0.0277693163571374,0.0271454933003499,0.0271609413662449,0.0276284747960526
9.3,0.0303674816793175,0.0321541398060762,0.0293657000929931,0.0283380784721657,0.0278414725383519,0.0272169829255374,0.0272471938114446,0.0277012176794671
9.4,0.030440027094376,0.0322419865332655,0.0294387233255017,0.0284112613779007,0.0279144131808292,0.0272892397109789,0.027334025445633,0.0277747338641841
9.5,0.0305132558598406,0.0323305095578274,0.0295125260203155,0.0284852745271193,0.0279881385857945,0.0273622630190916,0.0274214337979384,0.0278490233139379
9.6,0.0305871710350605,0.0324197054569179,0.0295871079431941,0.0285601146246204,0.0280626486155977,0.0274360518350348,0.0275094162712752,0.0279240855946388
9.7,0.0306617752785356,0.0325095705493505,0.0296624684290387,0.0286357780380462,0.0281379427155604,0.0275106047859887,0.0275979701503106,0.0279999198958661
9.8,0.0307370708649376,0.032600100909233,0.0297386064065348,0.0287122608217339,0.028214019934599,0.0275859201593411,0.0276870926087747,0.0280765250510487
9.9,0.0308130597011592,0.0326912923788293,0.0298155204213133,0.028789558738827,0.0282908789447092,0.0276619959198636,0.0277767807161686,0.0281538995564304
10,0.0308897433414593,0.0327831405807022,0.0298932086577231,0.0288676672817747,0.0283685180593831,0.0277388297259398,0.0278670314439145,0.0282320415889023
10.1,0.0309671230017747,0.0328756409291803,0.0299716689593147,0.028946581691339,0.0284469352510309,0.0278164189449023,0.0279578416709945,0.0283109490227653
10.2,0.0310451995732589,0.0329687886412092,0.0300508988481065,0.0290262969742209,0.0285261281674723,0.0278947606675463,0.0280492081891275,0.0283906194455115
10.3,0.0311239736351013,0.0330625787466179,0.0301308955427195,0.0291068079194104,0.0286060941475538,0.027973851721859,0.0281411277075094,0.0284710501726733
10.4,0.031203445466679,0.0331570060978481,0.0302116559754542,0.0291881091133521,0.0286868302359532,0.0280536886860257,0.0282335968571635,0.0285522382618073
10.5,0.0312836150590891,0.0332520653791794,0.0302931768083701,0.0292701949540219,0.0287683331972139,0.0281342679007467,0.0283266121949284,0.0286341805256691
10.6,0.0313644821261033,0.033347751115487,0.0303754544484368,0.029353059663984,0.028850599529061,0.0282155854809154,0.0284201702071069,0.0287168735446295
10.7,0.0314460461145819,0.0334440576805538,0.0304584850618098,0.029436697302518,0.0289336254750464,0.0282976373266888,0.0285142673128214,0.0288003136783798
10.8,0.03152830621439,0.0335409793049846,0.0305422645872904,0.0295211017768697,0.0290174070365559,0.0283804191339935,0.0286088998670784,0.028884497076971
10.9,0.0316112749709249,0.0336385219096239,0.0306268032619095,0.0296062816416322,0.0291019546300437,0.0284639405374378,0.0287040745160759,0.0289694341025478
11,0.0316949374261668,0.033736667398288,0.0307120819145989,0.0296922154920937,0.0291872489812337,0.0285481825340672,0.0287997769953191,0.0290551059352821
11.1,0.0317792920413772,0.0338354096092487,0.0307980958651639,0.0297788968327159,0.0292732854199756,0.0286331402554825,0.0288960034803512,0.0291415081468028
11.2,0.0318643370566601,0.0339347422660855,0.03088484025341,0.0298663190540657,0.0293600590770617,0.028718808666628,0.0289927500926601,0.029228636138016
11.3,0.0319500704987828,0.0340346589838795,0.0309723100491493,0.0299544754405564,0.0294475648935472,0.0288051825738784,0.0290900129016464,0.0293164851473456
11.4,0.0320364901886555,0.0341351532751252,0.0310605000616514,0.0300433591776493,0.0295357976296332,0.0288922566327324,0.0291877879264248,0.0294050502585322
11.5,0.0321235937485045,0.0342362185553871,0.0311494049485706,0.0301329633585474,0.0296247518731289,0.0289800253551268,0.0292860711374834,0.0294943264080027
11.6,0.032211378608741,0.0343378481487106,0.0312390192243772,0.0302232809904306,0.0297144220475302,0.0290684831164038,0.029384858458197,0.0295843083918477
11.7,0.0322998420145544,0.0344400352928028,0.0313293372683308,0.030314305000259,0.0298048024197259,0.0291576241619437,0.0294841457662235,0.0296749908724249
11.8,0.0323889810322381,0.0345427731439942,0.0314203533320107,0.030406028240175,0.0298958871073577,0.0292474426134776,0.0295839288947824,0.0297663683846104
11.9,0.0324787925552707,0.0346460547820001,0.0315120615464417,0.0304984434925412,0.0299876700858498,0.0293379324751082,0.0296842036338346,0.0298584353417235
12,0.0325692733101638,0.0347498732144868,0.0316044559288299,0.0305915434746343,0.0300801451951277,0.0294290876390455,0.0297849657311642,0.0299511860411423
12.1,0.0326604198620823,0.0348542213814565,0.0316975303889371,0.0306853208430261,0.0301733061460439,0.0295209018910749,0.0298862108933792,0.0300446146696264
12.2,0.0327522286202581,0.0349590921594598,0.0317912787351133,0.0307797681976705,0.0302671465265241,0.0296133689157756,0.0299879347868342,0.0301387153083701
12.3,0.0328446958432081,0.035064478365647,0.0318856946800053,0.0308748780857201,0.0303616598074508,0.0297064823014964,0.0300901330384835,0.0302334819377962
12.4,0.0329378176437612,0.0351703727616644,0.0319807718459644,0.0309706430050971,0.0304568393482979,0.0298002355451082,0.0301928012366736,0.0303289084421089
12.5,0.0330315899939061,0.0352767680574073,0.0320765037701671,0.031067055407829,0.0305526784025299,0.0298946220565389,0.0302959349318783,0.0304249886136225
12.6,0.0331260087294742,0.0353836569146334,0.032172883909468,0.0311641077031735,0.030649170122776,0.0299896351631087,0.0303995296373859,0.0305217161568739
12.7,0.0332210695546573,0.0354910319504472,0.0322699056449993,0.0312617922605449,0.0307463075657953,0.0300852681136697,0.0305035808299388,0.0306190846925368
12.8,0.0333167680463769,0.0355988857406596,0.0323675622865293,0.03136010141226,0.0308440836972372,0.0301815140825645,0.0306080839503372,0.0307170877611476
12.9,0.0334130996585052,0.0357072108230325,0.0324658470766014,0.0314590274561147,0.0309424913962169,0.0302783661734117,0.0307130344040049,0.030815718826652
13,0.0335100597259501,0.035815999700411,0.0325647531944586,0.0315585626578063,0.0310415234597068,0.0303758174227264,0.0308184275615265,0.0309149712797878
13.1,0.0336076434686084,0.0359252448437499,0.032664273759767,0.0316586992532108,0.0311411726067576,0.0304738608033872,0.0309242587591567,0.031014838441312
13.2,0.033705845995192,0.0360349386950392,0.0327644018361549,0.0317594294505309,0.0312414314825582,0.0305724892279547,0.0310305232993067,0.0311153135650783
13.3,0.033804662306938,0.0361450736701366,0.0328651304345747,0.0318607454323197,0.0313422926623411,0.0306716955518498,0.031137216451011,0.0312163898409772
13.4,0.0339040873012021,0.0362556421615089,0.0329664525164961,0.0319626393573928,0.0314437486551417,0.0307714725764006,0.0312443334503766,0.0313180603977487
13.5,0.0340041157749452,0.0363666365408848,0.0330683609969438,0.0320651033626378,0.0315457919074176,0.0308718130517619,0.0313518695010186,0.0314203183056706
13.6,0.0341047424281135,0.0364780491618276,0.0331708487473881,0.032168129564729,0.0316484148065388,0.0309727096797173,0.0314598197744856,0.0315231565791325
13.7,0.0342059618669223,0.03658987236223,0.0332739085984963,0.0322717100617512,0.0317516096841507,0.031074155116368,0.0315681794106725,0.0316265681791049
13.8,0.0343077686070441,0.0367020984667333,0.0333775333427514,0.0323758369347473,0.031855368819418,0.0311761419747128,0.0316769435182277,0.0317305460155035
13.9,0.0344101570767041,0.0368147197890768,0.0334817157369485,0.0324805022491897,0.0319596844421567,0.0312786628271278,0.031786107174958,0.0318350829494616
14,0.0345131216196907,0.0369277286343781,0.0335864485045745,0.0325856980563835,0.0320645487358581,0.0313817102077499,0.0318956654282261,0.0319401717955119
14.1,0.0346166564982831,0.0370411173013483,0.0336917243380807,0.0326914163948079,0.0321699538406093,0.0314852766147671,0.0320056132953467,0.0320458053236856
14.2,0.0347207558960967,0.0371548780844475,0.0337975359010478,0.0327976492914006,0.0322758918559191,0.0315893545126243,0.032115945763985,0.0321519762615335
14.3,0.0348254139208546,0.0372690032759792,0.0339038758302574,0.0329043887627888,0.0323823548434493,0.0316939363341439,0.0322266577925528,0.0322586772960697
14.4,0.0349306246070867,0.0373834851681298,0.0340107367376713,0.033011626816475,0.0324893348296578,0.0317990144825707,0.0323377443106108,0.0323659010756535
14.5,0.0350363819187535,0.0374983160549515,0.0341181112123239,0.0331193554519757,0.0325968238083579,0.0319045813335425,0.0324492002192672,0.0324736402118004
14.6,0.0351426797518082,0.0376134882342965,0.0342259918221349,0.0332275666619219,0.0327048137431993,0.0320106292369897,0.0325610203915878,0.0325818872809333
14.7,0.0352495119366924,0.0377289940096993,0.0343343711156439,0.0333362524331226,0.0328132965700719,0.0321171505189672,0.032673199673008,0.0326906348260789
14.8,0.0353568722407652,0.0378448256922118,0.034443241623676,0.0334454047475951,0.0329222641994349,0.0322241374834262,0.0327857328817491,0.0327998753585105
14.9,0.0354647543706817,0.0379609756021951,0.0345525958609366,0.0335550155835659,0.0330317085185802,0.0323315824139218,0.032898614809244,0.03290960135934
15,0.0355731519747051,0.038077436071062,0.0346624263275455,0.0336650769164435,0.0331416213938275,0.0324394775752699,0.0330118402205663,0.0330198052810604
15.1,0.0356820586449693,0.0381941994429839,0.0347727255105094,0.0337755807197654,0.0332519946726572,0.0325478152151429,0.033125403854871,0.0331304795490504
15.2,0.0357914679196846,0.0383112580765537,0.0348834858851411,0.0338865189661252,0.0333628201857821,0.03265658756562,0.0332393004258397,0.0332416165630339
15.3,0.0359013732852994,0.0384286043464087,0.0349946999164194,0.033997883628075,0.033474089749165,0.0327657868446858,0.0333535246221356,0.0333532086985004
15.4,0.0360117681786021,0.0385462306448207,0.0351063600603085,0.0341096666790152,0.033585795165975,0.0328754052576863,0.0334680711078686,0.033465248308093
15.5,0.0361226459887847,0.038664129383243,0.0352184587650208,0.0342218600940627,0.0336979282284971,0.0329854349987363,0.0335829345230669,0.0335777277229598
15.6,0.0362340000594606,0.0387822929938301,0.0353309884722452,0.0343344558509057,0.0338104807199909,0.0330958682520911,0.0336981094841574,0.0336906392540745
15.7,0.0363458236906309,0.0389007139309194,0.0354439416183272,0.0344474459306494,0.0339234444164977,0.0332066971934755,0.0338135905844588,0.0338039751935284
15.8,0.0364581190825259,0.0390193894236076,0.035557318641296,0.0345608297362627,0.0340368188286533,0.0333179214427295,0.0339293781840648,0.0339177358342437
15.9,0.036570870249484,0.0391383069364611,0.0356711036730544,0.034674591532704,0.034150587666524,0.0334295254093824,0.0340454608317033,0.0340319051175151
16,0.0366840703700486,0.0392574590005156,0.035785289140582,0.0347887233166392,0.0342647426948804,0.0335415012509841,0.0341618330532182,0.0341464752854795
16.1,0.0367977125867694,0.039376838174706,0.0358998674699558,0.0349032170914724,0.0343792756781908,0.03365384112161,0.0342784893534398,0.0342614385663863
16.2,0.0369117900079688,0.0394964370471962,0.0360148310873568,0.0350180648681372,0.0344941783822155,0.0337665371730181,0.0343954242167314,0.0343767871757669
16.3,0.037026295709483,0.0396162482366768,0.0361301724200518,0.0351332586658871,0.0346094425755636,0.0338795815557841,0.0345126321075344,0.0344925133175866
16.4,0.0371412227363685,0.0397362643936448,0.0362458838973464,0.0352487905130776,0.0347250600312136,0.0339929664204051,0.0346301074709296,0.0346086091853749
16.5,0.0372565641045703,0.0398564782016473,0.0363619579515118,0.0353646524479443,0.0348410225280003,0.0341066839183834,0.0347478447332047,0.0347250669633397
16.6,0.0373723128025635,0.0399768823785116,0.0364783870186938,0.0354808365193768,0.0349573218520716,0.0342207262032782,0.0348658383024325,0.0348418788274688
16.7,0.0374884617929661,0.0400974696775405,0.0365951635397939,0.0355973347876901,0.035073949798307,0.0343350854317419,0.0349840825690567,0.0349590369466137
16.8,0.0376050040141176,0.0402182328886891,0.0367122799613345,0.0357141393253929,0.0351908981717101,0.0344497537645334,0.0351025719064894,0.0350765334835609
16.9,0.0377219323816342,0.0403391648397191,0.0368297287363004,0.0358312422179518,0.0353081587887736,0.0345647233675077,0.0352213006717155,0.0351943605960888
17,0.0378392397899336,0.0404602583973299,0.0369475023249674,0.0359486355645558,0.0354257234788075,0.0346799864125893,0.035340263205906,0.0353125104380166
17.1,0.037956919113736,0.040581506468264,0.0370655931957104,0.0360663114788787,0.0355435840852491,0.034795535078727,0.0354594538350406,0.035430975160237
17.2,0.0380749632095368,0.0407029020003987,0.0371839938257974,0.0361842620898399,0.0356617324669404,0.0349113615528302,0.0355788668705369,0.0355497469117436
17.3,0.0381933649170589,0.0408244379838092,0.0373026967021674,0.0363024795423636,0.035780160499381,0.0350274580306915,0.0356984966098922,0.0356688178406437
17.4,0.0383121170606783,0.0409461074518155,0.0374216943221962,0.0364209559981396,0.0358988600759569,0.0351438167178871,0.0358183373373291,0.0357881800951674
17.5,0.0384312124508251,0.0410679034820084,0.0375409791944486,0.0365396836363798,0.0360178231091456,0.035260429830672,0.0359383833244471,0.035907825824663
17.6,0.0385506438853675,0.0411898191972567,0.0376605438394161,0.0366586546545815,0.0361370415316949,0.0353772895968546,0.0360586288308889,0.0360277471805892
17.7,0.0386704041509705,0.041311847766693,0.0377803807902475,0.0367778612692802,0.0362565072977808,0.0354943882566587,0.0361790681050076,0.0361479363174964
17.8,0.0387904860244348,0.0414339824066821,0.0379004825934667,0.036897295716813,0.0363762123841456,0.035611718063575,0.036299695384543,0.0362683853940033
17.9,0.0389108822740155,0.0415562163817713,0.0380208418096791,0.0370169502540752,0.0364961487912094,0.0357292712852008,0.036420504897306,0.0363890865737657
18,0.0390315856607221,0.041678543005622,0.0381414510142715,0.0371368171592799,0.0366163085441641,0.0358470402040658,0.0365414908618676,0.0365100320264411
18.1,0.0391525889395982,0.0418009556419232,0.0382623027981008,0.0372568887327179,0.0367366836940462,0.0359650171184498,0.036662647488255,0.0366312139286455
18.2,0.0392738848609844,0.041923447705287,0.038383389768176,0.0373771572975167,0.0368572663187885,0.0360831943431885,0.0367839689786546,0.0367526244649063
18.3,0.0393954661717621,0.0420460126621279,0.0385047045483342,0.0374976152004006,0.0369780485242543,0.0362015642104718,0.0369054495281196,0.0368742558286098
18.4,0.0395173256165815,0.0421686440315242,0.0386262397799047,0.0376182548124514,0.0370990224452513,0.0363201190706298,0.0370270833252836,0.0369961002229438
18.5,0.0396394559390723,0.0422913353860636,0.0387479881223703,0.0377390685298691,0.037220180246527,0.0364388512929132,0.0371488645530799,0.0371181498618357
18.6,0.0397618498830367,0.042414080352669,0.0388699422540225,0.0378600487747322,0.0373415141237452,0.036557753266264,0.037270787389467,0.0372403969708864
18.7,0.0398845001936303,0.0425368726134117,0.0389920948726083,0.0379811879957608,0.0374630163044471,0.0366768174000782,0.0373928460081563,0.0373628337883014
18.8,0.0400073996185239,0.0426597059063073,0.0391144386959736,0.0381024786690742,0.0375846790489913,0.0367960361249619,0.037515034579346,0.0374854525658155
18.9,0.0401305409090532,0.0427825740260935,0.0392369664627003,0.0382239132989556,0.0377064946514793,0.0369154018934787,0.0376373472704592,0.0376082455696157
19,0.0402539168213514,0.0429054708249932,0.0393596709327395,0.0383454844186128,0.0378284554406646,0.0370349071808921,0.0377597782468874,0.037731205081261
19.1,0.0403775201174718,0.0430283902134634,0.0394825448880394,0.0384671845909372,0.037950553780841,0.0371545444859009,0.0378823216727356,0.0378543233985961
19.2,0.0405013435664921,0.0431513261609257,0.0396055811331696,0.0385890064092677,0.0380727820727196,0.0372743063313684,0.0380049717115721,0.0379775928366659
19.3,0.040625379945608,0.0432742726964834,0.0397287724959418,0.0387109424981491,0.0381951327542874,0.0373941852650441,0.0381277225271827,0.0381010057286228
19.4,0.0407496220412154,0.0433972239096219,0.0398521118280244,0.0388329855140925,0.0383175983016485,0.0375141738602833,0.0382505682843267,0.0382245544266319
19.5,0.0408740626499756,0.0435201739508931,0.0399755920055568,0.0389551281463353,0.038440171229854,0.0376342647167575,0.0383735031494957,0.0383482313027762
19.6,0.0409986945798712,0.0436431170325875,0.0400992059297591,0.0390773631175999,0.0385628440937106,0.037754450461163,0.0384965212916775,0.0384720287499546
19.7,0.0411235106512508,0.0437660474293882,0.0402229465275358,0.0391996831848503,0.0386856094885798,0.0378747237479211,0.0386196168831188,0.0385959391827793
19.8,0.0412485036978592,0.0438889594790116,0.0403468067520826,0.0393220811400504,0.0388084600511579,0.037995077259877,0.0387427841000949,0.038719955038469
19.9,0.0413736665678586,0.0440118475828331,0.0404707795834851,0.0394445498109156,0.0389313884602433,0.0381155037089928,0.0388660171236763,0.0388440687777417
20,0.0414989921248365,0.0441347062064942,0.0405948580293165,0.039567082061671,0.0390543874374868,0.0382359958370336,0.038989310140499,0.0389682728857006
20.1,0.0416244732488053,0.0442575298805015,0.0407190351252351,0.0396896707938034,0.0391774497481311,0.0383565464162542,0.0391126573435424,0.0390925598727198
20.2,0.0417501028371872,0.0443803132008047,0.0408433039355739,0.0398123089468056,0.039300568201732,0.0384771482500776,0.0392360529328969,0.0392169222753275
20.3,0.041875873805794,0.0445030508293637,0.0409676575539337,0.0399349894989328,0.0394237356528674,0.0385977941737712,0.0393594911165441,0.0393413526570848
20.4,0.0420017790897936,0.0446257374946998,0.0410920891037703,0.0400577054679443,0.0395469450018299,0.0387184770551205,0.0394829661111291,0.0394658436094617
20.5,0.0421278116446639,0.0447483679924297,0.0412165917389833,0.0401804499118493,0.0396701891953102,0.0388391897950957,0.0396064721427422,0.0395903877527101
20.6,0.0422539644471411,0.0448709371857905,0.0413411586444962,0.0403032159296456,0.0397934612270596,0.038959925328517,0.0397300034476918,0.0397149777367343
20.7,0.0423802325798566,0.0449934386066709,0.0414657840316564,0.0404259968169214,0.0399167544124572,0.0390806767966237,0.0398535545434773,0.0398396068543723
20.8,0.0425066067137112,0.0451158684648721,0.041590459895966,0.0405487853414859,0.0400400613035191,0.0392014367643318,0.0399771191986738,0.0399642669259434
20.9,0.0426330798962149,0.0452382218334053,0.0417151795208014,0.040671574732217,0.0401633750418476,0.039322198274032,0.0401006916856774,0.0400889506973759
21,0.0427596451998943,0.0453604938548738,0.0418399362229258,0.0407943582619699,0.0402866888186822,0.0394429544046388,0.0402242662902792,0.0402136509477617
21.1,0.0428862957231963,0.0454826797419197,0.0419647233530609,0.0409171292483091,0.0404099958754893,0.0395636982722386,0.0403478373124379,0.0403383604902117
21.2,0.0430130245913725,0.0456047747776567,0.0420895342964661,0.0410398810542213,0.0405332895045496,0.0396844230307329,0.0404713990670646,0.0404630721727069
21.3,0.0431398249573645,0.0457267743160873,0.042214362473504,0.0411626070888418,0.0406565630495261,0.0398051218724811,0.0405949458847924,0.0405877788789459
21.4,0.0432666900026779,0.0458486737825046,0.0423392013402122,0.041285300808161,0.0407798099060214,0.0399257880289394,0.0407184721127604,0.040712473529186
21.5,0.0433936129382444,0.0459704686738839,0.0424640443888717,0.0414079557157374,0.0409030235221197,0.0400464147712953,0.0408419721153836,0.0408371490810867
21.6,0.04352058700528,0.0460921545592539,0.0425888851485721,0.0415305653633995,0.041026197398919,0.0401669954110993,0.0409654402751288,0.0409617985305412
21.7,0.0436476054761335,0.0462137270800572,0.0427137171857762,0.0416531233519458,0.0411493250910459,0.040287523300896,0.0410888709932897,0.0410864149125117
21.8,0.0437746616551248,0.046335181950494,0.0428385341048828,0.0417756233318402,0.0412724002071621,0.0404079918348492,0.0412122586907564,0.0412109913018578
21.9,0.0439017488793787,0.0464565149578518,0.0429633295487881,0.0418980590038986,0.0413954164104549,0.0405283944493668,0.041335597808786,0.0413355208141584
22,0.0440288605196484,0.0465777219628202,0.0430880971994439,0.0420204241199739,0.041518367419115,0.040648724623721,0.0414588828097727,0.0414599966065347
22.1,0.0441559899811321,0.0466987988997926,0.0432128307784174,0.0421427124836354,0.0416412470068032,0.0407689758806656,0.0415821081780126,0.0415844118784636
22.2,0.044283130704279,0.0468197417771485,0.0433375240474465,0.0422649179508369,0.0417640490031047,0.040889141787051,0.0417052684204699,0.04170875987259
22.3,0.0444102761655937,0.0469405466775264,0.043462170808992,0.0423870344305857,0.0418867672939671,0.0410092159544363,0.041828358067539,0.0418330338755356
22.4,0.0445374198784275,0.0470612097580783,0.0435867649067924,0.0425090558856001,0.0420093958221307,0.0411291920397,0.0419513716738042,0.0419572272186994
22.5,0.0446645553937621,0.0471817272507105,0.0437113002264143,0.0426309763329628,0.0421319285875436,0.0412490637456429,0.0420743038187998,0.0420813332790571
22.6,0.0447916763009907,0.0473020954623089,0.0438357706958015,0.0427527898447674,0.0422543596477652,0.041368824821594,0.0421971491077635,0.042205345479954
22.7,0.0449187762286869,0.0474223107749508,0.0439601702858202,0.0428744905487567,0.0423766831183582,0.0414884690640104,0.042319902172392,0.0423292572918935
22.8,0.0450458488453668,0.0475423696460984,0.0440844930108058,0.0429960726289544,0.0424988931732665,0.0416079903170735,0.0424425576715893,0.0424530622333195
22.9,0.0451728878602468,0.0476622686087817,0.0442087329291074,0.0431175303262897,0.0426209840451816,0.0417273824732856,0.0425651102922147,0.0425767538713975
23,0.04529988702399,0.0477820042717621,0.0443328841436269,0.043238857939214,0.0427429500259003,0.0418466394740599,0.0426875547498292,0.0427003258227865
23.1,0.0454268401294486,0.0479015733196835,0.0444569408023596,0.0433600498243098,0.0428647854666666,0.0419657553103097,0.0428098857894355,0.0428237717544057
23.2,0.0455537410123974,0.0480209725132079,0.0445808970989326,0.0434811003968906,0.0429864847785027,0.0420847240230338,0.042932098186217,0.0429470853841993
23.3,0.04568058355226,0.0481401986891341,0.0447047472731385,0.0436020041315948,0.0431080424325294,0.0422035397038991,0.0430541867462733,0.0430702604818941
23.4,0.045807361672829,0.0482592487605025,0.0448284856114696,0.0437227555629695,0.0432294529602743,0.0423221964958211,0.0431761463073523,0.043193290869749
23.5,0.0459340693429783,0.0483781197166855,0.0449521064476513,0.0438433492860443,0.0433507109539696,0.0424406885935382,0.0432979717395792,0.043316170423302
23.6,0.0460607005773668,0.0484968086234597,0.0450756041631676,0.0439637799568987,0.0434718110668366,0.0425590102441882,0.0434196579461812,0.0434388930721109
23.7,0.0461872494371385,0.0486153126230664,0.0451989731877906,0.0440840422932201,0.0435927480133608,0.0426771557478761,0.0435411998642089,0.0435614528004873
23.8,0.0463137100306123,0.0487336289342525,0.045322208000106,0.0442041310748503,0.0437135165695562,0.0427951194582429,0.043662592465255,0.0436838436482257
23.9,0.0464400765139671,0.0488517548522998,0.0454453031280333,0.0443240411443267,0.0438341115732157,0.042912895783028,0.0437838307561682,0.0438060597113226
24,0.0465663430919185,0.0489696877490373,0.0455682531493487,0.0444437674074087,0.0439545279241555,0.043030479184631,0.0439049097797634,0.0439280951426965
24.1,0.0466925040183866,0.0490874250728372,0.0456910526922012,0.0445633048335967,0.0440747605844453,0.043147864180671,0.0440258246155289,0.044049944152895
24.2,0.0468185535971625,0.0492049643485952,0.0458136964356291,0.0446826484566425,0.0441948045786288,0.0432650453445382,0.044146570380327,0.0441716010107997
24.3,0.0469444861825622,0.0493223031776979,0.0459361791100733,0.0448017933750478,0.0443146549939341,0.043382017305947,0.0442671422290946,0.0442930600443206
24.4,0.0470702961800747,0.0494394392379706,0.0460584954978878,0.0449207347525521,0.0444343069804759,0.0434987747514808,0.0443875353555372,0.0444143156410886
24.5,0.0471959780470079,0.0495563702836141,0.0461806404338494,0.0450394678186102,0.0445537557514424,0.0436153124251416,0.0445077449928175,0.0445353622491371
24.6,0.0473215262931191,0.049673094145121,0.0463026088056611,0.0451579878688589,0.0446729965832805,0.0437316251288863,0.0446277664142431,0.0446561943775794
24.7,0.0474469354812453,0.0497896087291802,0.0464243955544577,0.0452762902655754,0.0447920248158632,0.0438477077231665,0.044747594933948,0.0447768065972798
24.8,0.0475722002279248,0.0499059120185625,0.0465459956753033,0.0453943704381182,0.0449108358526525,0.0439635551274625,0.0448672259075686,0.0448971935415112
24.9,0.0476973152040106,0.0500220020719951,0.0466674042176922,0.0455122238833637,0.0450294251608524,0.0440791623208141,0.0449866547329165,0.045017349906618
25,0.0478222751352778,0.0501378770240133,0.0467886162860452,0.0456298461661286,0.0451477882715501,0.0441945243423476,0.0451058768506501,0.0451372704526572
25.1,0.0479470748030253,0.0502535350848048,0.0469096270401977,0.0457472329195785,0.0452659207798543,0.0443096362918003,0.0452248877449329,0.0452569500040442
25.2,0.0480717090446663,0.0503689745400314,0.0470304316958933,0.0458643798456279,0.0453838183450165,0.0444244933300389,0.0453436829440994,0.0453763834501847
25.3,0.0481961727543187,0.0504841937506389,0.0471510255252694,0.0459812827153286,0.0455014766905533,0.044539090679579,0.0454622580213015,0.0454955657461013
25.4,0.0483204608833807,0.0505991911526496,0.0472714038573415,0.0460979373692405,0.0456188916043496,0.0446534236250944,0.045580608595169,0.0456144919130506
25.5,0.0484445684411062,0.0507139652569388,0.0473915620784836,0.0462143397178002,0.0457360589387681,0.04476748751393,0.0456987303304445,0.0457331570391359
25.6,0.0485684867622885,0.0508285102165999,0.0475114911394943,0.0463304806382669,0.0458529695973828,0.0448812723022515,0.0458166142843522,0.0458515509728186
25.7,0.0486922145213173,0.0509428290751915,0.0476311908655941,0.0464463611361166,0.0459696244230602,0.0449947787470061,0.0459342607087938,0.0459696740637203
25.8,0.0488157469077772,0.0510569205708382,0.0477506568214493,0.0465619773374888,0.0460860194657796,0.0451080023902263,0.0460516654134443,0.0460875216079885
25.9,0.0489390791713719,0.0511707835154474,0.0478698846310144,0.0466773254397534,0.0462021508403281,0.0452209388386489,0.0461688242566736,0.0462050889710256
26,0.0490622066224569,0.0512844167944114,0.0479888699780003,0.0467924017117993,0.0463180147263666,0.0453335837642067,0.0462857331461714,0.0463223715880577
26.1,0.0491851246325716,0.0513978193662865,0.0481076086063356,0.0469072024943285,0.046433607368485,0.0454459329045152,0.0464023880395577,0.0464393649646991
26.2,0.0493078286349643,0.0515109902624628,0.0482260963206283,0.0470217242001253,0.0465489250762571,0.0455579820633553,0.0465187849449993,0.0465560646775072
26.3,0.0494303141251056,0.0516239285868154,0.0483443289866209,0.0471359633143207,0.0466639642242848,0.0456697271111505,0.0466349199218107,0.0466724663745254
26.4,0.0495525766612018,0.0517366335153398,0.0484623025316452,0.0472499163946385,0.0467787212522377,0.0457811639854424,0.0467507890810588,0.0467885657758258
26.5,0.0496746118646955,0.0518491042957753,0.0485800129450711,0.0473635800716297,0.0468931926648891,0.045892288691363,0.046866388586156,0.0469043586740352
26.6,0.049796415420761,0.0519613402472111,0.0486974562787552,0.0474769510488952,0.0470073750321442,0.0460030973020991,0.0469817146534534,0.0470198409348553
26.7,0.0499179830787948,0.052073340759679,0.0488146286474843,0.0475900261032945,0.047121264989067,0.0461135859593549,0.0470967635528237,0.0471350084975798
26.8,0.0500393106528969,0.0521851052937302,0.0489315262294158,0.0477028020851413,0.0472348592358986,0.0462237508738147,0.0472115316082438,0.0472498573755928
26.9,0.0501603940223447,0.0522966333799991,0.0490481452665132,0.0478152759183835,0.0473481545380749,0.046333588325593,0.0473260151983704,0.0473643836568686
27,0.0502812291320636,0.0524079246187508,0.049164482064983,0.0479274446007766,0.0474611477262369,0.0464430946646885,0.0474402107571093,0.0474785835044556
27.1,0.0504018119930853,0.0525189786794154,0.049280532995704,0.0480393052040353,0.0475738356962409,0.0465522663114291,0.0475541147741817,0.0475924531569541
27.2,0.0505221386830059,0.0526297953001122,0.0493962944946525,0.04815085487398,0.0476862154091628,0.0466610997569144,0.0476677237956848,0.0477059889289881
27.3,0.0506422053464294,0.0527403742871536,0.0495117630633288,0.0482620908306634,0.0477982838913003,0.0467695915634571,0.047781034424644,0.0478191872116619
27.4,0.0507620081954098,0.0528507155145408,0.0496269352691759,0.048373010368489,0.0479100382341723,0.0468777383650133,0.0478940433215666,0.0479320444730144
27.5,0.0508815435098861,0.0529608189234457,0.0497418077459961,0.0484836108563133,0.0480214755945161,0.0469855368676134,0.048006747204985,0.0480445572584596
27.6,0.0510008076381068,0.053070684521678,0.0498563771943658,0.0485938897375377,0.0481325931942823,0.0470929838497919,0.0481191428519949,0.0481567221912221
27.7,0.051119796997052,0.0531803123831443,0.0499706403820434,0.0487038445301853,0.0482433883206279,0.0472000761630058,0.0482312270987918,0.0482685359727595
27.8,0.0512385080728438,0.0532897026472932,0.0500845941443777,0.0488134728269642,0.0483538583259076,0.047306810732053,0.0483429968411994,0.0483799953831793
27.9,0.0513569374211545,0.0533988555185479,0.0501982353847085,0.0489227722953222,0.0484640006276647,0.047413184555486,0.0484544490351939,0.0484910972816452
28,0.0514750816676058,0.0535077712657309,0.0503115610747685,0.0490317406774851,0.0485738127086219,0.0475191947060227,0.0485655806974228,0.0486018386067748
28.1,0.0515929375081602,0.05361645022148,0.0504245682550763,0.0491403757904814,0.0486832921166683,0.047624838330949,0.0486763889057188,0.0487122163770271
28.2,0.0517105017095081,0.0537248927816511,0.050537254035331,0.0492486755261592,0.048792436464851,0.0477301126525214,0.0487868707996081,0.0488222276910825
28.3,0.0518277711094456,0.0538330994047155,0.0506496155947993,0.0493566378511879,0.0489012434313625,0.0478350149683634,0.0488970235808159,0.048931869728213
28.4,0.0519447426172459,0.0539410706111498,0.0507616501827009,0.049464260807047,0.0490097107595312,0.0479395426518583,0.0490068445137628,0.0490411397486432
28.5,0.0520614132140283,0.0540488069828198,0.0508733551185904,0.0495715425100045,0.0491178362578125,0.0480436931525375,0.0491163309260593,0.049150035093902
28.6,0.0521777799531121,0.0541563091623574,0.0509847277927349,0.0496784811510847,0.0492256177997793,0.0481474639964634,0.0492254802089931,0.0492585531871647
28.7,0.0522938399603719,0.0542635778525347,0.0510957656664887,0.0497850749960214,0.0493330533241168,0.0482508527866098,0.0493342898180132,0.0493666915335883
28.8,0.0524095904345817,0.0543706138156373,0.0512064662726635,0.0498913223852017,0.049440140834616,0.0483538572032382,0.0494427572732082,0.049474447720636
28.9,0.0525250286477534,0.0544774178728335,0.0513168272158952,0.0499972217335991,0.0495468784001714,0.0484564750042684,0.0495508801597785,0.0495818194183903
29,0.0526401519454699,0.0545839909035474,0.0514268461730082,0.050102771530694,0.0496532641547815,0.0485587040256457,0.0496586561285064,0.0496888043798602
29.1,0.0527549577472083,0.0546903338448335,0.0515365208933748,0.0502079703403842,0.0497592962975487,0.048660542181704,0.0497660828962156,0.0497954004412815
29.2,0.05286944354666,0.0547964476907553,0.0516458491992721,0.0503128168008878,0.0498649730926859,0.0487619874655234,0.0498731582462339,0.0499016055223991
29.3,0.0529836069120445,0.0549023334917757,0.0517548289862345,0.0504173096246308,0.0499702928695255,0.0488630379492858,0.0499798800288432,0.0500074176267526
29.4,0.0530974454864118,0.0550079923541538,0.0518634582234017,0.0505214475981298,0.0500752540225327,0.0489636917846246,0.0500862461617275,0.0501128348419389
29.5,0.0532109569879464,0.0551134254393601,0.0519717349538651,0.0506252295818627,0.0501798550113178,0.0490639472029717,0.0501922546304198,0.0502178553398798
29.6,0.0533241392102529,0.0552186339635044,0.0520796572950105,0.0507286545101302,0.0502840943606615,0.0491638025158968,0.0502979034887363,0.0503224773770711
29.7,0.0534369900226516,0.0553236191967896,0.0521872234388548,0.0508317213909106,0.0503879706605365,0.0492632561154454,0.050403190859214,0.0504266992948232
29.8,0.0535495073704514,0.0554283824629901,0.0522944316523822,0.0509344293057023,0.05049148256614,0.049362306474476,0.0505081149335345,0.050530519519501
29.9,0.0536616892752262,0.0555329251389661,0.0524012802778739,0.0510367774093624,0.0505946287979263,0.0494609521469849,0.0506126739729563,0.0506339365627451
30,0.0537735338350846,0.0556372486542091,0.0525077677332363,0.0511387649299383,0.0506974081416492,0.0495591917684315,0.0507168663087239,0.050736949021685
30.1,0.0538850392249266,0.055741354490439,0.052613892512327,0.0512403911684831,0.0507998194484086,0.0496570240560632,0.0508206903424897,0.0508395555791574
30.2,0.0539962036967042,0.0558452441812524,0.0527196531852715,0.0513416554988756,0.0509018616347008,0.0497544478092271,0.0509241445467237,0.0509417550038908
30.3,0.0541070255796657,0.0559489193118312,0.0528250483987846,0.05144255736763,0.0510035336824796,0.0498514619096873,0.0510272274651137,0.0510435461507097
30.4,0.054217503280603,0.0560523815187254,0.0529300768764771,0.0515430962936908,0.0511048346392166,0.0499480653219285,0.0511299377129727,0.051144927960708
30.5,0.0543276284775181,0.0561556283819367,0.0530347301827712,0.0516432647370957,0.0512057563081904,0.0500442490050368,0.0512322666203066,0.0512458913987706
30.6,0.0544374064872815,0.0562586658170859,0.0531390143922644,0.0517430694820018,0.0513063051488693,0.0501400201480696,0.0513342202592749,0.0513464436109618
30.7,0.0545468359551483,0.056361495617341,0.0532429284655398,0.0518425102674737,0.0514064804094758,0.0502353779702439,0.0514357974665569,0.0514465838031132
30.8,0.0546559156048439,0.0564641196273723,0.0533464714413216,0.0519415869041567,0.051506281404091,0.0503303217747149,0.05153699715204,0.0515463112679798
30.9,0.0547646442387778,0.0565665397437225,0.0534496424367733,0.0520402992740538,0.0516057075127556,0.0504248509488636,0.0516378182991958,0.0516456253853808
31,0.0548730207382512,0.0566687579153445,0.0535524406477852,0.0521386473302973,0.0517047581815802,0.050518964964583,0.0517382599654565,0.0517445256223275
31.1,0.0549810440636579,0.0567707761443419,0.0536548653492677,0.0522366310969253,0.0518034329228628,0.0506126633785562,0.0518383212825837,0.0518430115331492
31.2,0.0550887132546821,0.0568725964869363,0.0537569158954384,0.0523342506686549,0.0519017313152184,0.0507059458325319,0.0519380014570334,0.0519410827596071
31.3,0.0551960274304867,0.0569742210546853,0.0538585917200995,0.0524315062106474,0.0519996530037068,0.050798812053601,0.0520372997703162,0.0520387390310006
31.4,0.0553029857899036,0.0570756520160059,0.0539598923369184,0.0525283979582776,0.0520971976999834,0.0508912618544601,0.0521362155793553,0.0521359801642672
31.5,0.0554095876116088,0.0571768915980211,0.0540608173397068,0.0526249262169047,0.0521943651824475,0.0509832951336796,0.0522347483168406,0.0522328060640757
31.6,0.0555158322543013,0.05727794208879,0.0541613664026905,0.0527210913616373,0.052291155296404,0.0510749118759625,0.0523328974915729,0.0523292167229094
31.7,0.0556217191568689,0.0573788058399594,0.0542615392807766,0.0528168938371027,0.0523875679542367,0.0511661121524035,0.0524306626888132,0.0524252122211422
31.8,0.0557272478385595,0.0574794852698908,0.0543613358098254,0.0529123341572174,0.0524836031355834,0.0512568961207416,0.052528043570623,0.0525207927271112
31.9,0.055832417899134,0.0575799828673255,0.0544607559069085,0.0530074129049599,0.0525792608875315,0.0513472640256099,0.0526250398762002,0.052615958497176
32,0.0559372290190253,0.0576803011956285,0.0545597995705701,0.0531021307321421,0.0526745413248116,0.051437216198781,0.0527216514222123,0.052710709875776
32.1,0.0560416809594873,0.0577804428976797,0.0546584668810829,0.053196488359188,0.0527694446300099,0.051526753059411,0.0528178781031271,0.0528050472954794
32.2,0.0561457735627419,0.0578804107014603,0.0547567580007039,0.0532904865749148,0.0528639710537848,0.0516158751142769,0.0529137198915369,0.0528989712770248
32.3,0.0562495067521177,0.0579802074263801,0.0548546731739231,0.0533841262363158,0.0529581209150965,0.0517045829580141,0.0530091768384833,0.0529924824293569
32.4,0.0563528805321861,0.0580798359903735,0.0549522127277098,0.0534774082683508,0.0530518946014448,0.0517928772733465,0.0531042490737739,0.0530855814496546
32.5,0.0564558949888956,0.0581792994177664,0.0550493770717612,0.0535703336637418,0.053145292569118,0.0518807588313143,0.0531989368062981,0.0531782691233546
32.6,0.0565585502896987,0.058278600847882,0.0551461666987402,0.0536629034827718,0.0532383153434524,0.0519682284915013,0.0532932403243383,0.0532705463241681
32.7,0.0566608466836736,0.0583777435442917,0.0552425821845149,0.0537551188530916,0.0533309635190993,0.0520552872022551,0.0533871599958793,0.0533624140140916
32.8,0.0567627845016459,0.0584767309045295,0.0553386241883951,0.0538469809695359,0.0534232377603066,0.0521419360009058,0.0534806962689127,0.0534538732434115
32.9,0.0568643641563018,0.0585755664699801,0.0554342934533657,0.0539384910939447,0.053515138801206,0.052228176013981,0.0535738496717398,0.0535449251507019
33,0.0569655861423005,0.0586742539354814,0.0555295908063151,0.0540296505549915,0.053606667446113,0.0523140084574172,0.0536666208132689,0.0536355709628201
33.1,0.0570664510363818,0.058772797157964,0.0556245171582643,0.0541204607480235,0.0536978245698401,0.0523994346367696,0.0537590103833122,0.0537258119948948
33.2,0.0571669594974702,0.0588712001631666,0.0557190735045906,0.0542109231349101,0.0537886111180113,0.0524844559474149,0.0538510191528779,0.053815649650308
33.3,0.0572671122667738,0.0589694671490844,0.05581326092525,0.0543010392439004,0.0538790281073963,0.0525690738747556,0.0539426479744575,0.0539050854206759
33.4,0.0573669101678835,0.0590676024843509,0.0559070805849954,0.0543908106694914,0.0539690766262534,0.0526532899944195,0.0540338977823158,0.0539941208858209
33.5,0.0574663541068651,0.0591656106991841,0.0560005337335946,0.0544802390723086,0.0540587578346748,0.0527371059724549,0.0541247695927745,0.0540827577137391
33.6,0.0575654450723493,0.0592634964658652,0.0560936217060446,0.0545693261789958,0.0541480729649512,0.0528205235655235,0.054215264504491,0.0541709976605671
33.7,0.0576641841356192,0.0593612645650256,0.0561863459227811,0.0546580737821208,0.0542370233219438,0.0529035446210893,0.0543053836987375,0.0542588425705431
33.8,0.0577625724506947,0.0594589198333109,0.0562787078898905,0.054746483740089,0.0543256102834635,0.0529861710776103,0.0543951284396789,0.0543462943759599
33.9,0.0578606112544158,0.0595564670874702,0.0563707091993136,0.0548345579770739,0.0544138353006632,0.0530684049647191,0.0544845000746419,0.0544333550971207
34,0.0579583018665167,0.0596539110197451,0.0564623515290513,0.0549222984829573,0.0545016998984396,0.053150248403406,0.0545735000343878,0.0545200268422868
34.1,0.0580556456897046,0.0597512560599533,0.0565536366433676,0.0550097073132889,0.0545892056758413,0.053231703606197,0.054662129833383,0.0546063118076246
34.2,0.0581526442097331,0.0598485062012524,0.0566445663929858,0.0550967865892574,0.0546763543064939,0.0533127728773309,0.0547503910700602,0.0546922122771444
34.3,0.058249298995474,0.0599456647897208,0.0567351427152888,0.0551835384976737,0.054763147539027,0.0533934586129324,0.0548382854270846,0.0547777306226445
34.4,0.0583456116989836,0.0600427342830224,0.056825367634513,0.0552699652909746,0.0548495871975134,0.0534737633011832,0.054925814671617,0.0548628693036442
34.5,0.0584415840555709,0.0601397159907557,0.05691524326194,0.0553560692872386,0.0549356751819217,0.0535536895224912,0.0550129806555673,0.0549476308673203
34.6,0.0585372178838618,0.0602366098182994,0.0570047717960878,0.0554418528702233,0.0550214134685708,0.0536332399496546,0.0550997853158564,0.055032017948436
34.7,0.058632515085864,0.0603334140460736,0.0570939555229012,0.055527318489409,0.0551068041105961,0.053712417348025,0.0551862306746697,0.0551160332692739
34.8,0.0587274776470232,0.0604301251848809,0.0571827968159357,0.0556124686600694,0.0551918492384311,0.0537912245756709,0.0552723188397131,0.0551996796395624
34.9,0.0588221076362888,0.0605267379522931,0.0572712981365402,0.0556973059633562,0.0552765510602866,0.0538696645835357,0.0553580520044547,0.0552829599563988
35,0.0589164072061643,0.0606232454112535,0.0573594620340449,0.0557818330463989,0.0553609118626446,0.0539477404155917,0.0554434324483863,0.0553658772041787
35.1,0.0590103785927707,0.0607196392972711,0.0574472911459363,0.0558660526224225,0.0554449340107623,0.0540254552089947,0.0555284625372634,0.0554484344545161
35.2,0.0591040241158987,0.0608159105342968,0.0575347881980374,0.0559499674708884,0.0555286199491771,0.0541028121942373,0.0556131447233521,0.0555306348661655
35.3,0.0591973461790618,0.060912049905001,0.0576219560046845,0.0560335804376463,0.0556119722022283,0.0541798146952992,0.0556974815456776,0.0556124816849446
35.4,0.0592903410263819,0.0610080459099371,0.057708791128695,0.0561168886313815,0.0556949869354595,0.0542564593149831,0.0557814689631123,0.055693971442863
35.5,0.0593830175742662,0.061103894000735,0.0577953030206579,0.05619990095215,0.0557776733799325,0.0543327565181502,0.0558651164637863,0.0557751144952819
35.6,0.0594753784824631,0.0611995890677099,0.0578814947665369,0.0562826204498922,0.0558600343072041,0.0544087099154365,0.0559484268534049,0.055855914353642
35.7,0.0595674264946624,0.0612951284491722,0.0579673695415102,0.0563650502417599,0.0559420725708136,0.0544843232115484,0.0560314030254077,0.0559363746161177
35.8,0.0596591644385363,0.0613905120992593,0.058052930610137,0.0564471935123734,0.0560237911068422,0.0545596002054068,0.0561140479612088,0.056016498967546
35.9,0.0597505952257941,0.0614857425058993,0.0581381813265223,0.0565290535140864,0.0561051929344653,0.0546345447902791,0.0561963647304283,0.0560962911793425
36,0.0598417218522311,0.0615808243982317,0.0582231251344801,0.0566106335672753,0.0561862811565264,0.0547091609539166,0.056278356491132,0.0561757551094238
36.1,0.0599325473977775,0.0616757643094157,0.0583077655676986,0.0566919370606476,0.056267058960104,0.0547834527786918,0.0563600264900569,0.0562548947021332
36.2,0.0600230750265473,0.0617705700697871,0.0583921062499,0.0567729674515683,0.0563475296170945,0.0548574244417216,0.0564413780628529,0.0563337139881619
36.3,0.0601133079868899,0.0618652502987607,0.0584761508950001,0.0568537282664028,0.0564276964847906,0.0549310802150065,0.0565224146343047,0.0564122170844753
36.4,0.0602032496114401,0.0619598139471017,0.0585599033072621,0.0569342231008828,0.0565075630064725,0.0550044244655505,0.0566031397185678,0.0564904081942424
36.5,0.0602929033171694,0.0620542699207498,0.0586433673814611,0.0570144556204905,0.0565871327120014,0.0550774616554931,0.0566835569194003,0.0565682916067603
36.6,0.060382272605431,0.0621486267983698,0.0587265471030325,0.0570944295608571,0.0566664092184172,0.0551501963422306,0.0567636699303822,0.0566458716973892
36.7,0.060471361062019,0.062242892640255,0.0588094465482267,0.057174148728184,0.0567453962305384,0.0552226331785414,0.0568434825351518,0.0567231529274831
36.8,0.0605601723572174,0.0623370748770383,0.0588920698842626,0.0572536169996796,0.0568240975415698,0.0552947769127072,0.0569229986076283,0.0568001398443273
36.9,0.0606487102458509,0.0624311802623131,0.0589744213694785,0.0573328383240163,0.056902517033711,0.0553666323886308,0.0570022221122384,0.056876837081078
37,0.0607369785673437,0.0625252148725374,0.0590565053534801,0.0574118167218037,0.0569806586787709,0.0554382045459581,0.0570811571041427,0.0569532493567
37.1,0.0608249812457696,0.0626191841390856,0.0591383262772892,0.057490556286077,0.0570585265387826,0.0555094984201913,0.0571598077294603,0.0570293814759121
37.2,0.0609127222899115,0.0627130928999307,0.0592198886734903,0.0575690611828084,0.0571361247666196,0.0555805191428072,0.0572381782254922,0.0571052383291387
37.3,0.0610002057933172,0.0628069454613368,0.0593011971663757,0.0576473356514289,0.0572134576066203,0.0556512719413692,0.0573162729209439,0.0571808248924559
37.4,0.0610874359343579,0.0629007456626619,0.0593822564720911,0.0577253840053689,0.0572905293952079,0.0557217621396404,0.0573940962361506,0.0572561462275497
37.5,0.0611744169762887,0.0629944969396607,0.0594630713987764,0.0578032106326162,0.0573673445615165,0.0557919951576963,0.0574716526832991,0.0573312074816737
37.6,0.0612611532673117,0.0630882023834478,0.0595436468467088,0.0578808199962871,0.0574439076280162,0.0558619765120328,0.0575489468666487,0.0574060138876096
37.7,0.0613476492406356,0.063181864793619,0.059623987808443,0.0579582166352129,0.0575202232111407,0.0559317118156728,0.0576259834827537,0.0574805707636384
37.8,0.0614339094145445,0.0632754867249215,0.0597040993689498,0.0580354051645431,0.0575962960219149,0.0560012067782777,0.057702767320684,0.0575548835135086
37.9,0.0615199383924617,0.063369070527475,0.0597839867057543,0.0581123902763579,0.0576721308665822,0.0560704672062504,0.0577793032622453,0.057628957626413
38,0.0616057408630191,0.0634626183809019,0.0598636550890733,0.0581891767402989,0.057747732647235,0.0561394990028384,0.0578555962822003,0.057702798676969
38.1,0.0616913216001284,0.0635561323229247,0.0599431098819492,0.0582657694042119,0.0578231063624399,0.0562083081682401,0.0579316514484881,0.057776412325203
38.2,0.0617766854630528,0.0636496142730753,0.0600223565403861,0.0583421731947999,0.0578982571078661,0.0562769007997036,0.0580074739224437,0.0578498043165437
38.3,0.0618618373964809,0.0637430660521686,0.0601014006134829,0.0584183931182871,0.0579731900769141,0.0563452830916278,0.0580830689590171,0.0579229804818151
38.4,0.0619467824306047,0.0638364893981681,0.0601802477435629,0.0584944342610977,0.058047910561339,0.056413461335663,0.0581584419069914,0.0579959467372366
38.5,0.0620315256811965,0.0639298859790128,0.060258903666306,0.0585703017905444,0.0581224239518736,0.0564814419208066,0.0582335982092023,0.0580687090844322
38.6,0.0621160723496917,0.0640232574029111,0.0603373742108792,0.0586460009555234,0.0581967357388522,0.0565492313335006,0.0583085434027543,0.0581412736104395
38.7,0.0622004277232703,0.0641166052265443,0.0604156653000633,0.0587215370872208,0.0582708515128296,0.0566168361577267,0.0583832831192412,0.0582136464877287
38.8,0.0622845971749454,0.0642099309615547,0.06049378295038,0.0587969155998284,0.0583447769651984,0.0566842630750999,0.0584578230849606,0.0582858339742256
38.9,0.0623685861636465,0.064303236079634,0.0605717332722178,0.0588721419912652,0.0584185178888042,0.0567515188649618,0.0585321691211318,0.0583578424133392
39,0.0624524002343143,0.0643965220164848,0.060649522469956,0.058947221843907,0.0584920801785561,0.0568186104044705,0.0586063271441129,0.0584296782339992
39.1,0.0625360450179916,0.0644897901748687,0.0607271568420889,0.0590221608253248,0.0585654698320342,0.0568855446686911,0.058680303165616,0.0585013479506949
39.2,0.0626195262319181,0.0645830419269223,0.0608046427813473,0.0590969646890202,0.0586386929500941,0.0569523287306841,0.0587541032929217,0.0585728581635241
39.3,0.0627028496796293,0.0646762786159071,0.0608819867748177,0.0591716392751782,0.0587117557374683,0.0570189697615937,0.058827733729098,0.0586442155582449
39.4,0.0627860212510562,0.0647695015574883,0.0609591954040615,0.0592461905114131,0.0587846645033604,0.0570854750307309,0.0589012007732112,0.0587154269063368
39.5,0.0628690469226275,0.0648627120406673,0.0610362753452346,0.0593206244135229,0.0588574256620352,0.0571518519056596,0.0589745108205423,0.0587864990650677
39.6,0.0629519327573769,0.0649559113284403,0.0611132333692027,0.0593949470862465,0.0589300457334074,0.0572181078522789,0.0590476703627983,0.0588574389775638
39.7,0.0630346849050474,0.0650491006582362,0.061190076341655,0.0594691647240202,0.0590025313436195,0.0572842504349056,0.0591206859883282,0.0589282536728891
39.8,0.0631173096022049,0.0651422812422147,0.0612668112232164,0.0595432836117361,0.0590748892256198,0.0573502873163527,0.0591935643823328,0.0589989502661349
39.9,0.0631998131723493,0.0652354542674337,0.061343445069564,0.0596173101255017,0.0591471262197275,0.0574162262580048,0.0592663123270777,0.0590695359585042
40,0.063282202026031,0.0653286208959502,0.0614199850315331,0.0596912507333999,0.0592192492741994,0.0574820751199036,0.0593389367021063,0.0591400180374187
40.1,0.0633644826609666,0.0654217822648646,0.0614964383552241,0.0597651119962426,0.0592912654457859,0.0575478418608096,0.0594114444844445,0.0592104038766174
40.2,0.0634466616621614,0.0655149394863306,0.0615728123821166,0.0598389005683259,0.0593631819002792,0.0576135345382904,0.0594838427488125,0.0592807009362692
40.3,0.0635287439725947,0.065608093608386,0.0616491132878466,0.0599126220393875,0.059435004245289,0.0576791601783558,0.0595561368036301,0.0593509153199689
40.4,0.0636107383450218,0.0657012457723813,0.0617253501596646,0.0599862846786386,0.059506741822399,0.057744728488129,0.0596283360672646,0.0594210564011643
40.5,0.0636926516320274,0.0657943970142569,0.061801530631217,0.0600598954307884,0.0595784021340507,0.0578102478276029,0.0597004479143464,0.0594911319049767
40.6,0.0637744907739964,0.0658875483450777,0.0618776624319389,0.0601334613370685,0.0596499927938945,0.0578757266558513,0.0597724798180429,0.0595611496434758
40.7,0.0638562627992486,0.0659807007510918,0.0619537533871525,0.0602069895359613,0.0597215215273027,0.0579411735310919,0.059844439350263,0.0596311175158296
40.8,0.0639379748241693,0.0660738551938363,0.0620298114181656,0.0602804872639307,0.0597929961718648,0.0580065971107451,0.0599163341818581,0.0597010435084555
40.9,0.0640196340533501,0.0661670126102731,0.0621058445423601,0.0603539618561325,0.0598644246778929,0.0580720061515001,0.0599881720828257,0.0597709356951736
41,0.0641012477797243,0.0662601739129689,0.0621818608732857,0.0604274207471301,0.0599358151089013,0.0581374095093678,0.0600599609225071,0.0598408022373716
41.1,0.064182823384709,0.0663533399903127,0.0622578686207473,0.0605008714715928,0.0600071756420845,0.0582028161397378,0.0601317086697871,0.059910651384177
41.2,0.0642643683383446,0.0664465117067878,0.0623338760908927,0.060574321664983,0.0600785145687847,0.0582682350974314,0.06020342339329,0.0599804914726259
41.3,0.0643458901994399,0.0665396899032685,0.0624098916862946,0.0606477790642397,0.0601498402949503,0.0583336755367519,0.0602751132615727,0.0600503309278492
41.4,0.0644273966157174,0.0666328753973868,0.0624859239060319,0.0607212515084481,0.0602211613415847,0.0583991467115349,0.0603467865433174,0.0601201782632576
41.5,0.0645088953239612,0.0667260689839244,0.0625619813457685,0.060794746939494,0.0602924863451853,0.0584646579751899,0.0604184516075281,0.0601900420807345
41.6,0.0645903941501617,0.0668192714352642,0.0626380726978321,0.0608682734027101,0.0603638240581709,0.0585302187807471,0.0604901169237081,0.0602599310708341
41.7,0.0646719010096701,0.0669124835018812,0.0627142067512831,0.0609418390475101,0.0604351833492991,0.0585958386808955,0.0605617910620558,0.0603298540129829
41.8,0.0647534239073454,0.0670057059128781,0.0627903923919861,0.0610154521280042,0.0605065732040778,0.0586615273280219,0.0606334826936448,0.0603998197756907
41.9,0.0648349709377065,0.0670989393765712,0.0628666386026772,0.0610891210036053,0.0605780027251578,0.0587272944742445,0.0607052005906033,0.0604698373167631
42,0.0649165502850882,0.0671921845811188,0.0629429544630299,0.0611628541396166,0.0606494811327219,0.0587931499714443,0.060776953626299,0.0605399156835196
42.1,0.0649981702237903,0.0672854421951923,0.0630193491497122,0.0612366601078085,0.06072101776486,0.0588591037712924,0.0608487507755074,0.0606100640130173
42.2,0.0650798391182341,0.0673787128686957,0.0630958319364464,0.0613105475869747,0.060792622077931,0.0589251659252779,0.0609206011145873,0.060680291532277
42.3,0.065161565423118,0.0674719972335224,0.0631724121940646,0.0613845253634748,0.0608643036469168,0.0589913465847273,0.0609925138216538,0.0607506075585177
42.4,0.0652433576835683,0.0675652959043617,0.0632490993905546,0.0614586023317609,0.0609360721657654,0.0590576560008222,0.0610644981767389,0.0608210214993905
42.5,0.065325224535299,0.0676586094795418,0.0633259030911101,0.0615327874948837,0.0610079374477159,0.0591241045246155,0.06113656356196,0.0608915428532182
42.6,0.0654071747047642,0.0677519385419185,0.0634028329581735,0.0616070899649831,0.0610799094256202,0.0591907026070421,0.0612087194616782,0.0609621812092397
42.7,0.0654892170093129,0.0678452836598028,0.0634798987514734,0.0616815189637607,0.0611519981522477,0.0592574607989249,0.0612809754626491,0.0610329462478568
42.8,0.0655713603573443,0.0679386453879293,0.0635571103280595,0.0617560838229313,0.0612242138005775,0.0593243897509777,0.0613533412541786,0.0611038477408841
42.9,0.0656536137484603,0.0680320242684657,0.0636344776423351,0.0618307939846572,0.0612965666640812,0.0593915002138042,0.0614258266282716,0.0611748955518004
43,0.0657359862736196,0.068125420832059,0.0637120107460812,0.0619056590019665,0.0613690671569924,0.0594588030378944,0.0614984414797735,0.0612460996360054
43.1,0.0658184871152894,0.0682188355989223,0.0637897197884801,0.0619806885391435,0.0614417258145636,0.0595263091736121,0.0615711958065081,0.0613174700410782
43.2,0.0659011255475973,0.0683122690799603,0.0638676150161318,0.0620558923721045,0.0615145532933096,0.0595940296711827,0.0616440997094149,0.0613890169070344
43.3,0.0659839109364784,0.0684057217779296,0.063945706773066,0.0621312803887545,0.0615875603712383,0.0596619756806731,0.0617171633926743,0.0614607504665906
43.4,0.0660668527398254,0.0684991941886373,0.064024005500751,0.0622068625893197,0.0616607579480725,0.059730158451969,0.0617903971638351,0.0615326810454261
43.5,0.0661499605076349,0.0685926868021754,0.0641025217380939,0.0622826490866575,0.061734157045454,0.059798589334744,0.0618638114339344,0.061604819062446
43.6,0.06623324388215,0.0686862001041911,0.064181266121441,0.0623586501065517,0.0618077688071376,0.0598672797784283,0.0619374167176078,0.0616771750300496
43.7,0.0663167125980013,0.0687797345771926,0.0642602493845673,0.0624348759879805,0.0618816044991706,0.0599362413321678,0.0620112236331999,0.0617497595543937
43.8,0.0664003764823499,0.0688732907018877,0.0643394823586637,0.0625113371833654,0.0619556755100601,0.0600054856447804,0.0620852429028631,0.0618225833356573
43.9,0.0664842454550213,0.0689668689585568,0.064418975972318,0.0625880442587967,0.0620299933509292,0.060075024464706,0.0621594853526645,0.0618956571683082
44,0.0665683295286381,0.0690604698284571,0.0644987412514894,0.0626650078942403,0.0621045696556579,0.0601448696399507,0.0622339619126586,0.0619689919413714
44.1,0.0666526388087538,0.0691540937952655,0.0645787893194758,0.0627422388837157,0.0621794161810077,0.0602150331180229,0.062308683616985,0.0620425986386895
44.2,0.0667371834939759,0.0692477413465444,0.064659131396881,0.0628197481354589,0.0622545448067398,0.0602855269458687,0.0623836616039391,0.0621164883391876
44.3,0.0668219738760925,0.0693414129752474,0.0647397788015666,0.0628975466720571,0.0623299675357154,0.0603563632697957,0.0624589071160443,0.062190672217136
44.4,0.0669070203401909,0.0694351091812494,0.0648207429486022,0.0629756456305667,0.0624056964939847,0.0604275543353933,0.0625344315001107,0.0622651615424067
44.5,0.0669923333647691,0.0695288304729077,0.0649020353502127,0.0630540562626012,0.0624817439308609,0.0604991124874438,0.0626102462072942,0.0623399676807373
44.6,0.0670779235218527,0.0696225773686588,0.0649836676157091,0.0631327899344036,0.0625581222189816,0.0605710501698328,0.0626863627931432,0.062415102093979
44.7,0.0671638014770941,0.0697163503986311,0.0650656514514218,0.0632118581268894,0.0626348438543577,0.0606433799254435,0.0627627929176368,0.0624905763403543
44.8,0.0672499779898798,0.0698101501063018,0.0651479986606205,0.0632912724356744,0.0627119214564096,0.0607161143960513,0.0628395483452196,0.0625664020747019
44.9,0.0673364639134197,0.069903977050168,0.0652307211434319,0.0633710445710692,0.0627893677679854,0.0607892663222061,0.0629166409448223,0.0626425910487239
45,0.0674232701948409,0.0699978318054502,0.0653138308967418,0.0634511863580628,0.0628671956553742,0.060862848543117,0.0629940826898782,0.0627191551112273
45.1,0.0675104078752741,0.0700917149658222,0.0653973400141005,0.0635317097362723,0.0629454181082947,0.0609368739965096,0.0630718856583299,0.0627961062083554
45.2,0.0675978950264644,0.0701856277266339,0.0654812689962092,0.0636126347170171,0.0630240564931224,0.0610113649224795,0.0631500695952238,0.0628734644469618
45.3,0.0676857363767495,0.0702795701676582,0.0655656222952693,0.0636939659842319,0.063103116306979,0.0610863257603383,0.0632286397014931,0.0629512343761758
45.4,0.0677739432550398,0.0703735429500079,0.0656504122995745,0.0637757158273902,0.0631826109166991,0.0611617697480671,0.0633076083744596,0.0630294282410893
45.5,0.0678625270845179,0.0704675467605491,0.0657356514935847,0.0638578966501723,0.0632625538123944,0.0612377102215528,0.0633869881158831,0.06310805838504
45.6,0.067951499382698,0.0705615823137564,0.0658213524577866,0.0639405209703032,0.0633429586073803,0.061314160614419,0.0634667915319174,0.06318713724982
45.7,0.0680408717614616,0.0706556503535911,0.0659075278685382,0.0640236014193715,0.0634238390380876,0.061391134457846,0.0635470313330609,0.0632666773758745
45.8,0.0681306559270948,0.0707497516553872,0.0659941904979115,0.0641071507426187,0.0635052089639692,0.0614686453803759,0.0636277203340876,0.0633466914024952
45.9,0.0682208636803149,0.0708438870277793,0.0660813532135181,0.0641911817987121,0.0635870823673864,0.0615467071077187,0.0637088714539778,0.063427192068003
46,0.0683115069162878,0.0709380573146313,0.0661690289783342,0.0642757075594906,0.0636694733534824,0.061625333462538,0.0637904977158309,0.0635081922099259
46.1,0.0684025976246396,0.0710322633969982,0.0662572308505084,0.0643607411096918,0.0637523961500498,0.0617045383642369,0.0638726122467699,0.0635897047651677
46.2,0.0684941478894532,0.0711265061950945,0.0663459719831637,0.0644462956466546,0.0638358651073771,0.0617843358287262,0.0639552282778345,0.063671742770163
46.3,0.0685861698892634,0.0712207866702959,0.0664352656241902,0.0645323844799991,0.0639198946980874,0.0618647399681901,0.0640383591438602,0.0637543193610303
46.4,0.068678675897038,0.0713151058271408,0.0665251251160216,0.0646190210312884,0.0640044995169663,0.0619457649908327,0.0641220182833459,0.0638374477737062
46.5,0.0687716782801448,0.0714094647153633,0.0666155638954088,0.0647062188336627,0.0640896942807712,0.0620274252006225,0.0642062192383101,0.0639211413440799
46.6,0.0688651895003207,0.0715038644319314,0.0667065954931797,0.0647939915314572,0.0641754938280314,0.062109734997022,0.0642909756541377,0.0640054135081083
46.7,0.0689592221136183,0.0715983061231077,0.0667982335339887,0.0648823528797945,0.064261913118839,0.0621927088747081,0.0643763012794065,0.0640902778019209
46.8,0.0690537887703471,0.0716927909865186,0.0668904917360505,0.0649713167441558,0.0643489672346231,0.0622763614232777,0.0644622099657094,0.0641757478619173
46.9,0.0691489022150037,0.071787320273243,0.0669833839108723,0.0650608970999329,0.0644366713779142,0.0623607073269468,0.0645487156674544,0.0642618374248519
47,0.0692445752861896,0.0718818952899081,0.0670769239629653,0.0651511080319572,0.0645250408720971,0.06244576136424,0.0646358324416579,0.0643485603279004
47.1,0.0693408209165172,0.0719765174008024,0.0671711258895513,0.0652419637340089,0.0646140911611501,0.0625315384076583,0.064723574447722,0.0644359305087233
47.2,0.0694376521325076,0.0720711880299964,0.0672660037802526,0.0653334785083042,0.0647038378093765,0.0626180534233465,0.0648119559471948,0.0645239620055052
47.3,0.0695350820544685,0.0721659086634746,0.0673615718167734,0.0654256667649602,0.0647942965011191,0.0627053214707424,0.0649009913035248,0.0646126689569899
47.4,0.0696331238963695,0.0722606808512805,0.0674578442725688,0.0655185430214417,0.0648854830404691,0.0627933577022136,0.0649906949817913,0.0647020656024961
47.5,0.0697317909656972,0.0723555062096682,0.0675548355124982,0.0656121219019876,0.0649774133509604,0.0628821773626862,0.065081081548422,0.06479216628192
47.6,0.0698310966633004,0.0724503864232612,0.0676525599924709,0.0657064181370141,0.0650701034752543,0.0629717957892557,0.0651721656709068,0.0648829854357246
47.7,0.0699310544832208,0.0725453232472214,0.0677510322590747,0.0658014465625015,0.0651635695748117,0.063062228410788,0.0652639621174771,0.0649745376049098
47.8,0.0700316780125128,0.0726403185094243,0.0678502669491946,0.0658972221193563,0.0652578279295585,0.0631534907475086,0.0653564857567812,0.0650668374309714
47.9,0.070132980931046,0.0727353741126398,0.0679502787896174,0.0659937598527582,0.0653528949375383,0.0632455984105754,0.0654497515575501,0.0651598996558443
48,0.0702349770112982,0.0728304920367202,0.0680510825966241,0.0660910749114835,0.065448787114553,0.0633385671016405,0.0655437745882343,0.0652537391218229
48.1,0.0703376801181296,0.0729256743407908,0.0681526932755653,0.0661891825472109,0.0655455210937984,0.063432412612396,0.06563857001663,0.065348370771473
48.2,0.0704411042085422,0.0730209231654436,0.0682551258204281,0.0662880981138058,0.065643113625484,0.0635271508241099,0.065734153109493,0.0654438096475211
48.3,0.0705452633314319,0.0731162407349361,0.068358395313387,0.0663878370665895,0.0657415815764494,0.0636227977071445,0.0658305392321238,0.0655400708927284
48.4,0.0706501716273175,0.0732116293593956,0.0684625169243367,0.0664884149615843,0.065840941929766,0.0637193693204618,0.0659277438479535,0.0656371697497471
48.5,0.0707558433280559,0.0733070914370186,0.068567505910419,0.0665898474547421,0.0659412117843335,0.0638168818111162,0.0660257825181024,0.0657351215609581
48.6,0.0708622927565461,0.0734026294562721,0.0686733776155306,0.066692150301154,0.0660424083544648,0.0639153514137288,0.066124670900915,0.0658339417682904
48.7,0.0709695343264142,0.0734982459981043,0.068780147469815,0.0667953393542391,0.0661445489694658,0.0640147944499534,0.0662244247514924,0.0659336459130217
48.8,0.0710775825416793,0.0735939437381394,0.0688878309891424,0.0668994305649172,0.0662476510732011,0.0641152273279188,0.0663250599211992,0.0660342496355586
48.9,0.0711864519964129,0.0736897254488856,0.0689964437745773,0.0670044399807637,0.0663517322236587,0.0642166665416652,0.0664265923571473,0.0661357686751998
49,0.071296157374371,0.0737855940019305,0.06910600151182,0.0671103837451404,0.0664568100925021,0.0643191286705604,0.0665290381016734,0.0662382188698776
49.1,0.0714067134486168,0.0738815523701396,0.0692165199706523,0.0672172780963152,0.0665629024646125,0.064422630378698,0.0666324132917931,0.0663416161558797
49.2,0.0715181350811238,0.0739776036298503,0.0693280150043476,0.0673251393665603,0.0666700272376301,0.0645271884142889,0.066736734158631,0.0664459765675527
49.3,0.071630437222361,0.0740737509630592,0.0694405025490804,0.0674339839812301,0.066778202421485,0.0646328196090295,0.0668420170268383,0.0665513162369799
49.4,0.0717436349108657,0.0741699976596052,0.0695539986233098,0.0675438284578263,0.0668874461379215,0.0647395408774532,0.0669482783139998,0.0666576513936425
49.5,0.0718577432727921,0.0742663471193511,0.0696685193271564,0.0676546894050425,0.0669977766200124,0.0648473692162731,0.0670555345299944,0.0667649983640587
49.6,0.0719727775214472,0.0743628028543509,0.0697840808417567,0.067766583521788,0.0671092122116747,0.0649563217037034,0.0671638022763754,0.066873373571403
49.7,0.0720887529568072,0.0744593684910173,0.0699006994286067,0.067879527596202,0.0672217713671706,0.0650664154987644,0.0672730982456937,0.066982793535095
49.8,0.072205684965017,0.0745560477722765,0.0700183914288798,0.0679935385046407,0.0673354726506113,0.0651776678405726,0.067383439220833,0.0670932748703808
49.9,0.072323589017869,0.0746528445597148,0.0701371732627459,0.0681086332106583,0.0674503347354459,0.0652900960476133,0.0674948420743046,0.0672048342878756
50,0.0724424806722641,0.0747497628357197,0.0702570614286541,0.0682248287639596,0.0675663764039549,0.0654037175169973,0.0676073237675274,0.0673174885930992
