"Freq [GHz]","re(Zo(1)) [] - s='18um'","re(Zo(1)) [] - s='19um'","re(Zo(1)) [] - s='20um'","re(Zo(1)) [] - s='22um'","re(Zo(1)) [] - s='23.5um'","re(Zo(1)) [] - s='24.5um'","re(Zo(1)) [] - s='25.5um'","re(Zo(1)) [] - s='26.5um'"
1,54.4757646630103,53.5801126899591,52.9455966130315,51.4723006314293,50.6597828161284,49.8360461675716,49.4636925778837,48.8095201600578
1.1,54.0519581120234,53.2677179474313,52.5565913948974,51.1042331970451,50.3048810964412,49.4778775126966,49.1848388040552,48.4693836130526
1.2,53.718981771984,53.0098784946673,52.2506609032601,50.8146967700778,50.0253691070242,49.1957415403305,48.9564708580237,48.2019371729413
1.3,53.4524219007624,52.7919841769353,52.0053381274511,50.5824088010307,49.8007878200979,48.9691028484581,48.765009496592,47.9875349857944
1.4,53.2354264915097,52.6042809781718,51.8051530621637,50.3927288027603,49.6170688864839,48.7838091564504,48.6013638612793,47.8126415458844
1.5,53.0560921329824,52.4400683838768,51.6392032009417,50.2353480261891,49.4643112175696,48.6298818544321,48.4592726897753,47.6677144138454
1.6,52.9058371061921,52.2946181099523,51.4996450825653,50.1028563878817,49.3354017359202,48.5001407988854,48.3343077892545,47.5458872211656
1.7,52.7783605588788,52.1645063732272,51.3807315892659,49.9898286840894,49.2251359634371,48.389325097468,48.2232576010726,47.4421281972666
1.8,52.6689601145182,52.0471911829168,51.2781821286862,49.8922272490065,49.1296432208065,48.2935171595546,48.1237361555725,47.3526892708016
1.9,52.574074461265,51.9407389485093,51.1887612571262,49.8070025892716,49.0460023904837,48.209756982367,48.0339294925558,47.2747373345149
2,52.4909705220003,51.843644293195,51.1099909690848,49.7318208749269,48.9719797732634,48.135778594291,47.9524279790054,47.2061024147855
2.1,52.4175255534751,51.7547092559063,51.0399505835039,49.6648745066903,48.9058468918002,48.0698266372192,47.8781134389501,47.1451024906239
2.2,52.3520728085823,51.672961011375,50.9771351860852,49.6047481836752,48.8462516971473,48.010526565176,47.8100819066649,47.090419566058
2.3,52.2932905319909,51.5975949622919,50.9203539336556,49.550322732959,48.7921261059156,47.9567913678046,47.747589911203,47.0410106391476
2.4,52.2401209906035,51.5279347770646,50.8686559526785,49.5007050674118,48.742618673004,47.9077535928605,47.6900165346228,46.9960428297956
2.5,52.1917106416857,51.4634038897262,50.821275636786,49.4551765046866,48.6970449265799,47.8627151633019,47.6368361884266,46.9548454917897
2.6,52.1473653886693,51.4035048465953,50.7775917781661,49.4131541753946,48.6548502933047,47.8211098896993,47.5875987677108,46.9168744363657
2.7,52.106516748226,51.3478040881476,50.7370966955752,49.3741618868705,48.6155821183065,47.782475159999,47.5419149480883,46.8816849073443
2.8,52.0686960049225,51.295920540631,50.6993726754148,49.337807902241,48.5788683362716,47.7464303450825,47.4994451129262,46.8489109580713
2.9,52.033514279852,51.2475169110822,50.6640738241877,49.303767835127,48.5444010624746,47.7126601748814,47.4598908763145,46.8182495650695
3,52.0006470245111,51.2022929256809,50.630911967982,49.2717713691031,48.511923861955,47.6809018323319,47.4229884866856,46.78944828388
3.1,51.9698218588373,51.1599799844205,50.5996456087694,49.2415918651755,48.4812217956633,47.6509348555464,47.3885036117398,46.762295580208
3.2,51.9408089598934,51.1203368632025,50.570071211016,49.2130381700972,48.4521135824222,47.6225731805187,47.3562271523429,46.7366132004222
3.3,51.9134134128738,51.0831462025678,50.5420162801297,49.1859481162348,48.4244453866498,47.5956588292737,47.3259718341204,46.7122501100988
3.4,51.887469084087,51.0482115967559,50.5153338297952,49.1601833319144,48.3980858651232,47.5700568728302,47.2975693955388,46.6890776479663
3.5,51.8628336833707,51.0153551484553,50.4898979339341,49.135625074527,48.3729221958677,47.5456513890327,47.2708682402607,46.6669856290031
3.6,51.8393847626817,50.9844153907532,50.4656001315922,49.1121708673166,48.3488568783072,47.522342202017,47.2457314561258,46.6458791939615
3.7,51.8170164564452,50.9552455032642,50.4423465068966,49.0897317717092,48.3258051428311,47.5000422396108,47.222035127711,46.6256762497148
3.8,51.7956368132898,50.9277117675352,50.420055306527,49.0682301651692,48.3036928446427,47.4786753820689,47.1996668871063,46.6063053800959
3.9,51.7751656020336,50.9016922198308,50.3986549875642,49.047597923353,48.2824547444655,47.4581747035563,47.1785246603752,46.5877041335088
4,51.7555325000596,50.8770754688341,50.3780826117103,49.0277749272172,48.2620330997746,47.438481029116,47.1585155765874,46.5698176138342
4.1,51.7366755915837,50.8537596527175,50.3582825196066,49.0087078325233,48.2423765063848,47.4195417462035,47.1395550132942,46.5525973166575
4.2,51.7185401182556,50.8316515151822,50.3392052326564,48.9903490521266,48.2234389427078,47.4013098224913,47.121565757562,46.536000164817
4.3,51.7010774361352,50.8106655839263,50.3208065403883,48.9726559114988,48.2051789786909,47.3837429914544,47.1044772656636,46.5199877065608
4.4,51.6842441421527,50.7907234379561,50.3030467397088,48.9555899458,48.187559119027,47.3668030749165,47.0882250075894,46.5045254468716
4.5,51.6680013402935,50.7717530524419,50.2858899989281,48.9391163130007,48.1705452561949,47.3504554177677,47.0727498849311,46.4895822882331
4.6,51.6523140233833,50.7536882116072,50.2693038246152,48.923203302446,48.1541062135986,47.3346684148341,47.0579977125713,46.4751300616302
4.7,51.6371505508369,50.7364679815791,50.2532586134494,48.9078219221421,48.1382133628236,47.3194131136704,47.0439187561145,46.4611431321743
4.8,51.6224822063155,50.7200362362749,50.2377272745236,48.8929455511509,48.1228403020182,47.3046628800742,47.0304673182117,46.4475980666147
4.9,51.6082828221181,50.7043412303533,50.222684910194,48.8785496459709,48.1079625848082,47.2903931155449,47.0176013679179,46.4344733523057
5,51.5945284594538,50.6893352140374,50.2081085456975,48.8646114917898,48.0935574910827,47.2765810178713,47.0052822080431,46.4217491590631
5.1,51.581197135628,50.6749740852772,50.1939768994866,48.8511099911185,48.079603832549,47.2632053776067,46.9934741761344,46.4094071368472
5.2,51.5682685907076,50.6612170752737,50.180270187629,48.8380254836361,48.0660817872241,47.250246404476,46.9821443752993,46.3974302434396
5.3,51.5557240874817,50.6480264638621,50.1669699567668,48.8253395921467,48.0529727580521,47.2376855788021,46.9712624315642,46.385802597279
5.4,51.5435462395649,50.6353673216604,50.1540589410633,48.8130350904317,48.040259251685,47.2255055238894,46.9608002748731,46.3745093514434
5.5,51.5317188633324,50.6232072762402,50.1415209393374,48.801095789494,48.0279247741442,47.213689896002,46.9507319411821,46.3635365854368
5.6,51.5202268500793,50.6115162998871,50.1293407092168,48.7895064392877,48.015953740647,47.2022232891432,46.9410333934126,46.3528712119945
5.7,51.5090560553699,50.6002665167842,50.1175038756646,48.7782526435105,48.0043313973438,47.1910911523175,46.9316823592844,46.3425008965803
5.8,51.4981932030269,50.5894320276897,50.1059968516677,48.7673207854375,47.9930437530916,47.1802797173397,46.9226581842813,46.3324139876254
5.9,51.4876258016098,50.5789887503835,50.0948067692317,48.75669796311,47.9820775197075,47.1697759355803,46.9139416981989,46.3225994558772
6,51.4773474154857,50.5689210965031,50.0839271667587,48.7463775237487,47.9714258778148,47.1595729810918,46.9055204532597,46.3130517822806
6.1,51.4673411639996,50.5592006244156,50.0733402685946,48.7363418139172,47.9610705339203,47.1496530942919,46.8973719433817,46.3037557256302
6.2,51.4575965387974,50.5498079552555,50.0630350603232,48.7265797904427,47.9510000465392,47.1400051062323,46.8894808267081,46.2947018567743
6.3,51.4481035714406,50.5407250107318,50.053001043296,48.7170809315724,47.9412034975107,47.1306183774048,46.8818328161769,46.2858811906391
6.4,51.4388527904868,50.5319349130921,50.0432281985944,48.7078352021181,47.9316704592309,47.1214827631456,46.8744145967791,46.2772851547314
6.5,51.4298351834845,50.5234218936247,50.0337069549122,48.6988330221828,47.9223909650977,47.1125885824839,46.8672137500174,46.2689055611078
6.6,51.42104216321,50.5151712089077,50.0244281598113,48.6900652389799,47.9133554827276,47.1039265899672,46.8602186848776,46.2607345813264
6.7,51.4124655375774,50.5071690640903,50.0153830538856,48.6815231013297,47.9045548895741,47.0954879500722,46.8534185746997,46.2527647239687
6.8,51.404097482731,50.4994025425631,50.0065632474423,48.6731982364823,47.8959804506343,47.0872642138684,46.846803299395,46.2449888143853
6.9,51.3959305189036,50.491859541438,49.9979606993643,48.6650826289679,47.8876237979803,47.0792472976499,46.8403633925137,46.2373999763669
7,51.3879574886811,50.4845287123141,49.9895676978719,48.6571686012224,47.8794769118909,47.0714294632984,46.8340899927178,46.2299916154903
7.1,51.3801715373665,50.4773994068569,49.9813768429408,48.6494487957708,47.8715321033928,47.0638033001707,46.8279747992563,46.2227574039236
7.2,51.3725660951793,50.4704616267638,49.973381030172,48.6419161587857,47.8637819980511,47.0563617083354,46.822010031082,46.2156912665084
7.3,51.3651348610635,50.4637059777303,49.9655734359358,48.6345639248625,47.8562195208697,47.0490978830116,46.8161883892839,46.2087873679626
7.4,51.3578717879077,50.4571236270653,49.9579475036415,48.6273856028767,47.8488378821845,47.0420053000786,46.8105030225399,46.2020401010703
7.5,51.3507710690102,50.4507062646417,49.9504969310022,48.6203749628072,47.8416305644473,47.0350777025479,46.8049474953236,46.1954440757432
7.6,51.3438271256423,50.4444460668927,49.9432156581858,48.6135260234258,47.8345913098146,47.0283090879003,46.7995157586265,46.1889941088571
7.7,51.337034595585,50.4383356635952,49.9360978567555,48.6068330407672,47.8277141084647,47.0216936962077,46.7942021229748,46.1826852147781
7.8,51.3303883225299,50.4323681072022,49.9291379193193,48.6002904973039,47.820993187579,47.0152259989653,46.7890012335462,46.1765125965045
7.9,51.32388334625,50.4265368445121,49.9223304498169,48.5938930917613,47.8144230009299,47.0089006885731,46.7839080472069,46.1704716373649
8,51.3175148934579,50.4208356904768,49.9156702543824,48.5876357295175,47.8079982190269,47.0027126684116,46.7789178113053,46.1645578932143
8.1,51.3112783692817,50.4152588039731,49.9091523327309,48.5815135135366,47.8017137197761,46.9966570434635,46.774026044078,46.158767085084
8.2,51.3051693492946,50.4098006653754,49.9027718700209,48.5755217357934,47.7955645796159,46.9907291114378,46.7692285165303,46.1530950922428
8.3,51.2991835720452,50.404456055782,49.8965242291534,48.5696558691504,47.7895460650942,46.9849243543609,46.7645212356731,46.1475379456343
8.4,51.2933169320414,50.3992200377615,49.8904049434711,48.5639115596539,47.7836536248578,46.9792384305987,46.7599004290024,46.1420918216584
8.5,51.2875654731447,50.3940879374959,49.8844097098276,48.5582846192183,47.7778828820259,46.9736671672815,46.7553625301219,46.1367530362705
8.6,51.2819253823404,50.3890553282101,49.8785343819977,48.5527710186719,47.7722296269242,46.968206553104,46.7509041654169,46.1315180393732
8.7,51.2763929838505,50.384118014785,49.8727749644054,48.5473668811411,47.7666898101579,46.962852731477,46.7465221416932,46.1263834094794
8.8,51.2709647335607,50.3792720194601,49.8671276061474,48.5420684757493,47.7612595360028,46.9576019940071,46.7422134347074,46.121345848628
8.9,51.2656372137372,50.3745135685425,49.8615885952922,48.5368722116134,47.7559350560975,46.9524507742873,46.7379751785159,46.1164021775348
9,51.2604071280106,50.369839080042,49.8561543534384,48.5317746321177,47.7507127634195,46.9473956419771,46.7338046555798,46.1115493309644
9.1,51.2552712966068,50.3652451521621,49.8508214305155,48.5267724094511,47.7455891865298,46.9424332971587,46.7296992875664,46.1067843533072
9.2,51.250226651808,50.3607285525814,49.8455864998131,48.521862339391,47.7405609840728,46.9375605649517,46.7256566267943,46.1021043943525
9.3,51.2452702336265,50.3562862084642,49.8404463532267,48.5170413363218,47.7356249395178,46.9327743903726,46.7216743482717,46.0975067052431
9.4,51.2403991856796,50.3519151971472,49.8353978967055,48.5123064284745,47.7307779561298,46.9280718334273,46.7177502422844,46.0929886346038
9.5,51.2356107512492,50.3476127374497,49.8304381458955,48.5076547533759,47.7260170521594,46.9234500644229,46.7138822074898,46.0885476248331
9.6,51.2309022695183,50.3433761815621,49.8255642219635,48.5030835534974,47.7213393562398,46.9189063594889,46.7100682444817,46.0841812085503
9.7,51.226271171971,50.3392030074696,49.820773347596,48.4985901720922,47.7167421029823,46.914438096296,46.7063064497881,46.0798870051894
9.8,51.2217149789476,50.335090811872,49.8160628431637,48.4941720492126,47.7122226287603,46.9100427499635,46.7025950102718,46.0756627177332
9.9,51.2172312963465,50.3310373035631,49.8114301230421,48.4898267178981,47.7077783676729,46.9057178891463,46.698932197904,46.0715061295807
10,51.2128178124637,50.3270402972367,49.8068726920831,48.4855518005266,47.7034068476804,46.9014611722916,46.6953163648824,46.0674151015409
10.1,51.2084722949636,50.3230977076891,49.8023881422294,48.4813450053202,47.6991056869037,46.8972703440589,46.6917459390708,46.0633875689486
10.2,51.2041925879742,50.3192075443882,49.7979741492648,48.4772041229989,47.6948725900796,46.8931432318935,46.688219419735,46.0594215388945
10.3,51.199976609299,50.3153679063854,49.7936284696959,48.4731270235758,47.6907053451659,46.8890777427485,46.6847353735557,46.0555150875669
10.4,51.1958223477427,50.3115769775445,49.7893489377572,48.4691116532863,47.6866018200885,46.8850718599464,46.6812924308969,46.0516663576978
10.5,51.191727860542,50.3078330220658,49.7851334625368,48.4651560316455,47.6825599596262,46.8811236401754,46.677889282313,46.0478735561107
10.6,51.1876912708987,50.3041343802858,49.7809800252149,48.4612582486293,47.6785777824238,46.8772312106128,46.6745246752777,46.0441349513648
10.7,51.1837107656099,50.3004794647323,49.7768866764119,48.4574164619712,47.6746533781313,46.8733927661713,46.6711974111185,46.0404488714915
10.8,51.1797845927905,50.2968667564182,49.7728515336414,48.453628894572,47.6707849046618,46.8696065668609,46.6679063421428,46.0368137018192
10.9,51.1759120597616,50.2932955731417,49.7688738500792,48.4498948290895,47.666971613818,46.8658718950747,46.664651036436,46.0332288210107
11,51.1720904699148,50.2897636995637,49.7649507333272,48.4462115529488,47.6632107004437,46.862186113753,46.6614297339979,46.0296917287121
11.1,51.16831824552,50.2862698052183,49.7610804905381,48.4425774732152,47.6595005152051,46.8585476666055,46.6582414268894,46.0262009727226
11.2,51.1645938617616,50.2828126151749,49.7572614863734,48.4389910526267,47.6558394669876,46.8549550527934,46.6550851481693,46.0227551501209
11.3,51.1609158448728,50.279390907318,49.7534921409241,48.4354508075006,47.6522260206833,46.8514068248076,46.6519599698107,46.0193529054877
11.4,51.1572827703396,50.2760035097836,49.7497709277117,48.4319553057261,47.6486586950692,46.8479015864348,46.6488650007433,46.0159929291955
11.5,51.1536932611737,50.2726492985415,49.7460963717667,48.4285031648375,47.6451360607726,46.8444379908079,46.6457993850106,46.0126739557653
11.6,51.1501459862491,50.2693271951145,49.7424670477813,48.4250930501653,47.6416567383191,46.8410147385374,46.6427623000369,46.0093947622852
11.7,51.1466396587019,50.2660361644255,49.7388815783328,48.4217236730629,47.6382193962604,46.8376305759184,46.6397529549963,46.0061541668909
11.8,51.1431730343894,50.2627752127642,49.7353386321756,48.4183937892031,47.6348227493778,46.8342842932119,46.6367705892751,46.0029510273024
11.9,51.1397449104065,50.2595433858664,49.7318369225991,48.4151021969443,47.6314655569586,46.8309747229966,46.6338144710247,45.9997842394183
12,51.1363541236573,50.256339767098,49.7283752058474,48.4118477357612,47.6281466211425,46.8277007385867,46.6308838957968,45.9966527359625
12.1,51.1329995494795,50.2531634757379,49.7249522796001,48.4086292847386,47.6248647853336,46.8244612525155,46.6279781852562,45.9935554851824
12.2,51.1296801003196,50.2500136653532,49.7215669815109,48.405445761125,47.6216189326777,46.8212552150791,46.6250966859669,45.9904914895966
12.3,51.1263947244566,50.2468895222612,49.7182181878012,48.402296118943,47.6184079845992,46.8180816129395,46.6222387682457,45.9874597847897
12.4,51.123142404773,50.2437902640727,49.7149048119078,48.399179347656,47.6152308993977,46.8149394677842,46.61940382508,45.9844594382533
12.5,51.1199221575703,50.240715138312,49.7116258031807,48.396094470886,47.6120866708993,46.8118278350387,46.6165912711058,45.9814895482693
12.6,51.1167330314281,50.2376634211088,49.7083801456313,48.3930405451831,47.6089743271628,46.8087458026317,46.6138005416405,45.9785492428361
12.7,51.1135741061045,50.2346344159574,49.7051668567263,48.3900166588422,47.6058929292363,46.8056924898083,46.6110310917702,45.9756376786353
12.8,51.1104444914767,50.2316274525396,49.7019849862284,48.3870219307667,47.6028415699632,46.8026670459912,46.6082823954843,45.9727540400359
12.9,51.1073433265202,50.2286418856077,49.6988336150788,48.3840555093766,47.5998193728353,46.7996686496871,46.605553944858,45.9698975381364
13,51.1042697783241,50.225677093923,49.695711854323,48.3811165715578,47.5968254908909,46.7966965074353,46.6028452492774,45.9670674098431
13.1,51.1012230411429,50.2227324792483,49.6926188440754,48.3782043216543,47.5938591056561,46.7937498527991,46.6001558347058,45.9642629169809
13.2,51.0982023354817,50.2198074653896,49.689553752523,48.3753179904968,47.5909194261272,46.7908279453953,46.5974852429883,45.961483345439
13.3,51.0952069072148,50.2169014972852,49.6865157749659,48.3724568344709,47.5880056877934,46.7879300699631,46.5948330311923,45.958728004347
13.4,51.0922360267357,50.2140140401391,49.6835041328932,48.3696201346198,47.5851171516964,46.7850555354678,46.5921987709821,45.9559962252813
13.5,51.0892889881372,50.2111445785959,49.680518073093,48.3668071957814,47.5822531035271,46.7822036742407,46.5895820480256,45.9532873615014
13.6,51.086365108421,50.2082926159565,49.6775568667954,48.3640173457593,47.5794128527572,46.7793738411513,46.58698246143,45.9506007872138
13.7,51.0834637267357,50.2054576734293,49.6746198088461,48.3612499345238,47.5765957318035,46.7765654128119,46.5843996232075,45.9479358968625
13.8,51.0805842036411,50.2026392894178,49.6717062169113,48.3585043334447,47.5738010952247,46.7737777868127,46.5818331577657,45.9452921044462
13.9,51.0777259203993,50.1998370188418,49.6688154307105,48.355779934552,47.571028318949,46.7710103809859,46.5792827014245,45.9426688428595
14,51.0748882782906,50.1970504324887,49.6659468112782,48.3530761498247,47.5682767995307,46.7682626326984,46.5767479019557,45.9400655632585
14.1,51.0720706979531,50.1942791163961,49.6630997402515,48.3503924105068,47.5655459534349,46.7655339981711,46.5742284181457,45.9374817344491
14.2,51.0692726187461,50.1915226712616,49.6602736191839,48.3477281664481,47.5628352163499,46.7628239518237,46.5717239193781,45.9349168422976
14.3,51.0664934981357,50.1887807118796,49.6574678688839,48.3450828854701,47.5601440425248,46.7601319856452,46.5692340852371,45.9323703891626
14.4,51.0637328111014,50.1860528666035,49.6546819287768,48.3424560527552,47.5574719041322,46.7574576085868,46.5667586051291,45.9298418933465
14.5,51.060990049564,50.1833387768314,49.65191525629,48.3398471702586,47.5548182906547,46.7548003459786,46.5642971779221,45.9273308885678
14.6,51.0582647218333,50.1806380965151,49.6491673262596,48.3372557561418,47.5521827082945,46.7521597389675,46.5618495116016,45.9248369234513
14.7,51.0555563520747,50.17795049169,49.646437630359,48.3346813442271,47.5495646794046,46.7495353439763,46.5594153229424,45.9223595610368
14.8,51.0528644797942,50.1752756400254,49.6437256765468,48.332123483472,47.5469637419411,46.7469267321831,46.5569943371952,45.9198983783054
14.9,51.0501886593421,50.1726132303951,49.6410309885344,48.3295817374624,47.5443794489357,46.7443334890188,46.5545862877875,45.9174529657219
15,51.0475284594322,50.169962962465,49.6383531052735,48.3270556839252,47.5418113679879,46.7417552136847,46.552190916037,45.9150229267942
15.1,51.0448834626794,50.1673245462992,49.6356915804596,48.3245449142571,47.5392590807754,46.7391915186867,46.5498079708792,45.9126078776473
15.2,51.0422532651514,50.1646977019819,49.6330459820549,48.3220490330719,47.5367221825821,46.7366420293867,46.547437208605,45.9102074466131
15.3,51.0396374759368,50.1620821592558,49.6304158918263,48.3195676577633,47.5342002818442,46.7341063835707,46.5450783926108,45.907821273834
15.4,51.0370357167278,50.1594776571752,49.6278009049006,48.3171004180831,47.5316929997118,46.7315842310319,46.5427312931595,45.90544901088
15.5,51.0344476214166,50.1568839437727,49.6252006293342,48.3146469557354,47.5291999696267,46.7290752331698,46.5403956871503,45.90309032038
15.6,51.0318728357059,50.1543007757406,49.6226146856985,48.3122069239843,47.5267208369155,46.7265790626029,46.5380713578996,45.9007448756652
15.7,51.0293110167326,50.1517279181242,49.6200427066789,48.309779987276,47.524255258397,46.7240954027956,46.5357580949302,45.8984123604246
15.8,51.0267620741524,50.1491653374477,49.6174845967819,48.3073660651104,47.5218031549604,46.7216241812045,46.5334559028504,45.8960927100714
15.9,51.0242254334931,50.1466126130339,49.6149397388627,48.304964587283,47.5193639403715,46.7191648574094,46.5311643664922,45.8937853752818
16,51.021700784629,50.1440695336802,49.6124078002823,48.302575250204,47.5169373042772,46.7167171458415,46.5288832931262,45.8914900693852
16.1,51.0191878274614,50.1415358954105,49.6098884590206,48.300197760059,47.514522946357,46.7142807703906,46.5266124954567,45.8892065147853
16.2,51.0166862716027,50.139011501226,49.6073814033405,48.2978318324933,47.5121205759965,46.7118554640946,46.52435179145,45.8869344426715
16.3,51.01419583607,50.1364961608652,49.6048863314637,48.2954771923079,47.5097299119719,46.7094409688402,46.5221010041711,45.8846735927403
16.4,51.0117162489897,50.1339896905733,49.6024029512564,48.2931335731658,47.5073506821457,46.7070370350735,46.5198599616252,45.8824237129262
16.5,51.0092472473114,50.1314919128804,49.5999309799271,48.2908007173082,47.5049826231733,46.7046434215209,46.5176284966058,45.8801845591416
16.6,51.0067885765311,50.1290026563876,49.5974701437328,48.2884783752803,47.5026254802191,46.7022598949199,46.515406446549,45.877955895025
16.7,51.0043399904239,50.1265217555621,49.5950201776966,48.2861663056672,47.500279006683,46.6998862297591,46.5131936533924,45.8757374916985
16.8,51.0019012507855,50.1240490505388,49.5925808253331,48.2838642748381,47.4979429639358,46.6975222080264,46.5109899634398,45.8735291275324
16.9,50.9994721271815,50.1215843869301,49.5901518383844,48.2815720566991,47.4956171210643,46.6951676189675,46.5087952272307,45.8713305879182
17,50.9970523967055,50.1191276156422,49.5877329765635,48.2792894324549,47.4933012546243,46.6928222588506,46.5066092994146,45.8691416650491
17.1,50.9946418437451,50.1166785926983,49.585324007307,48.2770161903785,47.4909951484027,46.6904859307408,46.5044320386297,45.8669621577074
17.2,50.9922402597549,50.1142371790683,49.5829247055355,48.2747521255875,47.4886985931869,46.6881584442814,46.5022633073858,45.864791871059
17.3,50.9898474430373,50.1118032405044,49.5805348534221,48.2724970398299,47.4864113865431,46.6858396154823,46.500102971952,45.8626306164549
17.4,50.9874631985305,50.1093766473825,49.5781542401677,48.2702507412748,47.4841333326008,46.6835292665165,46.4979509022473,45.8604782112391
17.5,50.9850873376028,50.1069572745499,49.5757826617848,48.2680130443118,47.4818642418455,46.6812272255222,46.4958069717357,45.8583344785623
17.6,50.9827196778538,50.1045450011776,49.5734199208875,48.2657837693562,47.4796039309175,46.6789333264125,46.4936710573247,45.8561992472023
17.7,50.9803600429221,50.1021397106181,49.5710658264879,48.2635627426605,47.4773522224182,46.6766474086914,46.4915430392673,45.8540723513896
17.8,50.9780082622989,50.0997412902681,49.5687201938001,48.2613497961329,47.4751089447225,46.6743693172748,46.489422801067,45.8519536306392
17.9,50.9756641711475,50.0973496314365,49.5663828440497,48.2591447671605,47.4728739317968,46.6720989023189,46.4873102293863,45.8498429295875
18,50.9733276101286,50.0949646292159,49.5640536042893,48.2569474984396,47.4706470230241,46.6698360190532,46.485205213958,45.8477400978343
18.1,50.9709984252314,50.0925861823593,49.5617323072208,48.2547578378105,47.468428063034,46.6675805276198,46.4831076474998,45.8456449897901
18.2,50.9686764676094,50.090214193161,49.5594187910221,48.2525756380981,47.4662169015386,46.6653322929171,46.4810174256307,45.8435574645283
18.3,50.9663615934221,50.087848567341,49.5571128991801,48.2504007569578,47.4640133931736,46.663091184449,46.4789344467914,45.8414773856417
18.4,50.9640536636811,50.0854892139341,49.5548144803287,48.2482330567255,47.4618173973446,46.6608570761797,46.4768586121658,45.8394046211042
18.5,50.961752544101,50.0831360451816,49.552523388092,48.2460724042739,47.4596287780785,46.6586298463916,46.4747898256066,45.837339043136
18.6,50.9594581049557,50.0807889764279,49.5502394809323,48.2439186708717,47.4574474038798,46.6564093775497,46.4727279935614,45.8352805280739
18.7,50.9571702209381,50.0784479260195,49.5479626220028,48.2417717320487,47.4552731475908,46.6541955561687,46.4706730250027,45.8332289562452
18.8,50.9548887710251,50.0761128152079,49.545692679005,48.2396314674643,47.4531058862571,46.6519882726855,46.4686248313588,45.8311842118456
18.9,50.9526136383461,50.0737835680557,49.5434295240506,48.2374977607804,47.4509455009974,46.6497874213351,46.4665833264478,45.829146182821
19,50.9503447100561,50.0714601113453,49.5411730335273,48.2353704995386,47.4487918768764,46.6475929000311,46.464548426413,45.827114760753
19.1,50.948081877212,50.0691423744908,49.5389230879694,48.2332495750405,47.4466449027832,46.6454046102491,46.46252004966,45.8250898407475
19.2,50.9458250346537,50.0668302894534,49.5366795719317,48.2311348822331,47.4445044713125,46.6432224569149,46.4604981167967,45.8230713213278
19.3,50.9435740808878,50.0645237906583,49.5344423738675,48.229026319596,47.4423704786496,46.6410463482953,46.4584825505737,45.8210591043297
19.4,50.9413289179757,50.0622228149153,49.5322113860109,48.2269237890338,47.44024282446,46.638876195893,46.4564732758277,45.8190530948009
19.5,50.9390894514247,50.0599273013417,49.5299865042613,48.2248271957705,47.4381214117809,46.6367119143441,46.4544702194256,45.8170532009029
19.6,50.9368555900821,50.0576371912871,49.5277676280733,48.2227364482482,47.4360061469177,46.6345534213198,46.4524733102107,45.8150593338158
19.7,50.9346272460334,50.0553524282613,49.5255546603481,48.2206514580284,47.4338969393424,46.63240063743,46.4504824789503,45.8130714076469
19.8,50.9324043345026,50.0530729578641,49.5233475073296,48.2185721396961,47.431793701596,46.6302534861313,46.4484976582847,45.8110893393406
19.9,50.9301867737564,50.0507987277176,49.5211460785027,48.2164984107674,47.4296963491935,46.6281118936361,46.4465187826779,45.8091130485926
20,50.9279744850106,50.0485296873999,49.5189502864952,48.2144301915999,47.4276048005322,46.6259757888263,46.4445457883696,45.8071424577656
20.1,50.9257673923397,50.0462657883823,49.5167600469825,48.2123674053051,47.4255189768023,46.6238451031688,46.4425786133279,45.8051774918081
20.2,50.9235654225888,50.0440069839664,49.5145752785949,48.2103099776645,47.4234388019007,46.6217197706331,46.4406171972043,45.8032180781755
20.3,50.9213685052888,50.0417532292253,49.5123959028282,48.2082578370472,47.4213642023475,46.6195997276126,46.4386614812896,45.8012641467531
20.4,50.9191765725735,50.0395044809451,49.5102218439565,48.206210914331,47.4192951072044,46.6174849128475,46.4367114084702,45.7993156297827
20.5,50.9169895590998,50.0372606975689,49.5080530289475,48.2041691428252,47.4172314479962,46.6153752673503,46.4347669231871,45.7973724617897
20.6,50.9148074019693,50.0350218391422,49.5058893873811,48.2021324581957,47.4151731586348,46.6132707343337,46.4328279713944,45.7954345795138
20.7,50.9126301335471,50.0327879623514,49.5037309501953,48.2001008957458,47.4131202781789,46.611171357282,46.4308946069865,45.7935020231267
20.8,50.9104576005528,50.0305589338355,49.5015775507066,48.1980742960683,47.4110726399771,46.6090769835124,46.4289666704473,45.7915746301163
20.9,50.9082897471012,50.0283347182167,49.4994291259931,48.1960526015913,47.4090301847857,46.6069875625353,46.4270441121145,45.7896523435764
21,50.9061265194585,50.0261152815145,49.4972856154357,48.194035756818,47.4069928554607,46.6049030457894,46.4251268836845,45.7877351085514
21.1,50.9039678659752,50.0239005910992,49.4951469606469,48.1920237082625,47.4049605968916,46.6028233865791,46.4232149381764,45.785822871976
21.2,50.9018137370215,50.0216906156469,49.493013105403,48.1900164043879,47.4029333559388,46.6007485400156,46.4213082298975,45.7839155826168
21.3,50.8996640849244,50.0194853250958,49.4908839955778,48.1880137955458,47.4009110813719,46.5986784629579,46.4194067144097,45.7820131910167
21.4,50.8975188639065,50.0172846906037,49.488759579078,48.186015833918,47.39889372381,46.596613113957,46.4175103484964,45.7801156494392
21.5,50.895378030027,50.0150886845069,49.4866398057805,48.1840224734596,47.3968812356642,46.5945524532012,46.4156190901308,45.7782229118156
21.6,50.8932415411235,50.01289728028,49.4845246274721,48.182033669844,47.3948735710811,46.5924964424628,46.4137328984445,45.7763349336934
21.7,50.8911093567569,50.0107104524977,49.4824139977905,48.1800493804092,47.3928706858886,46.590445045047,46.4118517336969,45.774451672186
21.8,50.8889814381566,50.0085281767967,49.4803078721667,48.1780695641064,47.390872537543,46.5883982257419,46.4099755572462,45.7725730859242
21.9,50.8868577481679,50.0063504298397,49.4782062077697,48.1760941814486,47.3888790850778,46.58635595077,46.4081043315199,45.7706991350088
22,50.884738251201,50.0041771892797,49.4761089634524,48.1741231944627,47.3868902890537,46.5843181877413,46.4062380199867,45.7688297809649
22.1,50.8826229131812,50.0020084337259,49.4740160996993,48.1721565666414,47.3849061115107,46.5822849056076,46.4043765871294,45.7669649866969
22.2,50.8805117015007,49.9998441427105,49.4719275785753,48.1701942628973,47.3829265159207,46.5802560746185,46.402519998418,45.7651047164459
22.3,50.8784045849715,49.9976842966559,49.4698433636765,48.1682362495177,47.3809514671423,46.5782316662783,46.4006682202832,45.7632489357473
22.4,50.8763015337805,49.9955288768442,49.4677634200821,48.1662824941217,47.3789809313768,46.5762116533044,46.3988212200916,45.7613976113899
22.5,50.8742025194444,49.993377865386,49.4656877143074,48.1643329656174,47.3770148761248,46.574196009587,46.3969789661203,45.7595507113767
22.6,50.8721075147678,49.9912312451912,49.4636162142589,48.1623876341612,47.3750532701451,46.5721847101494,46.3951414275329,45.757708204886
22.7,50.8700164938005,49.9890889999406,49.46154888919,48.1604464711179,47.3730960834137,46.5701777311107,46.3933085743561,45.7558700622342
22.8,50.8679294317979,49.9869511140578,49.4594857096581,48.1585094490218,47.3711432870852,46.5681750496481,46.3914803774563,45.7540362548398
22.9,50.8658463051809,49.9848175726823,49.4574266474835,48.1565765415392,47.3691948534542,46.5661766439616,46.3896568085172,45.7522067551877
23,50.8637670914981,49.9826883616434,49.4553716757082,48.1546477234322,47.3672507559184,46.5641824932386,46.3878378400179,45.750381536795
23.1,50.8616917693889,49.9805634674348,49.4533207685574,48.1527229705227,47.3653109689429,46.5621925776209,46.3860234452118,45.7485605741782
23.2,50.8596203185467,49.9784428771899,49.4512739014009,48.1508022596584,47.3633754680249,46.560206878171,46.3842135981052,45.7467438428205
23.3,50.8575527196847,49.9763265786581,49.4492310507164,48.148885568679,47.3614442296603,46.5582253768409,46.3824082734372,45.7449313191404
23.4,50.8554889545013,49.9742145601813,49.4471921940531,48.1469728763839,47.3595172313104,46.5562480564411,46.3806074466599,45.7431229804615
23.5,50.8534290056471,49.9721068106716,49.4451573099968,48.1450641625005,47.3575944513701,46.5542749006103,46.3788110939187,45.7413188049827
23.6,50.8513728566932,49.9700033195893,49.4431263781362,48.1431594076537,47.3556758691369,46.5523058937867,46.3770191920339,45.7395187717495
23.7,50.8493204920995,49.9679040769218,49.4410993790296,48.1412585933358,47.3537614647808,46.5503410211792,46.3752317184815,45.7377228606261
23.8,50.8472718971846,49.9658090731632,49.4390762941726,48.1393617018778,47.3518512193148,46.5483802687405,46.3734486513758,45.7359310522682
23.9,50.8452270580964,49.9637182992938,49.4370571059675,48.1374687164212,47.3499451145668,46.5464236231403,46.3716699694514,45.7341433280966
24,50.8431859617834,49.9616317467616,49.4350417976923,48.1355796208905,47.3480431331518,46.5444710717391,46.3698956520464,45.7323596702717
24.1,50.8411485959668,49.9595494074624,49.4330303534716,48.1336943999669,47.346145258445,46.5425226025634,46.368125679085,45.7305800616685
24.2,50.8391149491138,49.9574712737227,49.4310227582479,48.1318130390624,47.3442514745561,46.5405782042816,46.3663600310621,45.7288044858525
24.3,50.837085010411,49.9553973382813,49.4290189977538,48.1299355242945,47.3423617663036,46.5386378661797,46.3645986890263,45.7270329270564
24.4,50.8350587697392,49.9533275942722,49.4270190584849,48.1280618424622,47.3404761191906,46.5367015781389,46.362841634565,45.7252653701569
24.5,50.8330362176483,49.9512620352082,49.4250229276735,48.1261919810223,47.3385945193805,46.5347693306129,46.3610888497889,45.7235018006528
24.6,50.8310173453335,49.9492006549648,49.423030593263,48.1243259280661,47.3367169536744,46.5328411146065,46.3593403173173,45.7217422046435
24.7,50.829002144612,49.9471434477642,49.4210420438833,48.1224636722974,47.334843409488,46.5309169216547,46.3575960202633,45.7199865688079
24.8,50.8269906079,49.9450904081603,49.4190572688265,48.1206052030104,47.3329738748303,46.528996743802,46.3558559422202,45.7182348803841
24.9,50.8249827281907,49.9430415310242,49.4170762580234,48.1187505100691,47.3311083382819,46.5270805735829,46.3541200672471,45.7164871271501
25,50.8229784990329,49.9409968115294,49.4150990020209,48.1168995838865,47.3292467889747,46.5251684040025,46.3523883798556,45.714743297404
25.1,50.8209779145104,49.9389562451385,49.4131254919595,48.1150524154049,47.3273892165717,46.5232602285178,46.3506608649969,45.7130033799457
25.2,50.8189809692212,49.9369198275893,49.4111557195525,48.1132089960762,47.3255356112476,46.5213560410201,46.3489375080487,45.7112673640589
25.3,50.8169876582585,49.9348875548823,49.4091896770643,48.1113693178433,47.3236859636698,46.5194558358168,46.3472182948026,45.7095352394932
25.4,50.8149979771912,49.9328594232674,49.4072273572903,48.1095333731223,47.3218402649804,46.5175596076148,46.3455032114521,45.7078069964475
25.5,50.8130119220453,49.9308354292324,49.4052687535376,48.1077011547838,47.319998506778,46.5156673515036,46.3437922445805,45.7060826255529
25.6,50.8110295602523,49.9288156504949,49.4033139322346,48.1058727289488,47.318160758061,46.5137791406526,46.3420854613603,45.7043621934384
25.7,50.8090508176288,49.9268000028676,49.4013628148218,48.1040480163093,47.3163269340552,46.5118948930081,46.3403827684349,45.7026456156568
25.8,50.8070756914886,49.9247884834922,49.3994153960521,48.102227011022,47.3144970276493,46.5100146047323,46.3386841535076,45.7009328840629
25.9,50.8051041795324,49.9227810897015,49.3974716711149,48.1004097076312,47.3126710321215,46.5081382723072,46.336989604626,45.6992239908814
26,50.8031362798318,49.9207778190095,49.3955316356192,48.0985961010543,47.3108489411237,46.5062658925215,46.335299110171,45.697518928692
26.1,50.801171990814,49.9187786691013,49.3935952855768,48.0967861865659,47.3090307486671,46.5043974624561,46.3336126588466,45.6958176904164
26.2,50.7992113112464,49.9167836378232,49.3916626173862,48.0949799597844,47.3072164491071,46.502532979471,46.3319302396702,45.6941202693042
26.3,50.7972542402224,49.9147927231728,49.3897336278175,48.0931774166571,47.3054060371298,46.5006724411925,46.3302518419622,45.6924266589199
26.4,50.7953007771467,49.9128059232909,49.3878083139963,48.0913785534471,47.3035995077381,46.4988158455004,46.328577455337,45.6907368531304
26.5,50.7933509217215,49.9108232364514,49.3858866733899,48.0895833667201,47.3017968562386,46.496963190516,46.3269070696931,45.6890508460927
26.6,50.7914046739337,49.9088446610537,49.3839687037921,48.0877918533311,47.2999980782287,46.4951144745902,46.3252406752047,45.6873686322414
26.7,50.789462034041,49.9068701956137,49.38205440331,48.0860040104125,47.298203169584,46.4932696962919,46.323578262312,45.6856902062779
26.8,50.7875230025599,49.9048998387561,49.3801437703499,48.0842198353617,47.2964121264464,46.4914288543973,46.321919821713,45.6840155631584
26.9,50.785587580253,49.9029335892065,49.3782368036045,48.0824393258291,47.2946249452122,46.4895919478788,46.3202653443551,45.6823446980834
27,50.7836557681176,49.9009714457839,49.3763335020403,48.0806624797074,47.2928416225209,46.4877589758948,46.3186148214263,45.6806776064867
27.1,50.7817275673736,49.8990134073934,49.3744338648845,48.0788892951197,47.2910621552437,46.4859299377793,46.3169682443479,45.6790142840255
27.2,50.7798029794524,49.8970594730193,49.3725378916138,48.0771197704092,47.2892865404735,46.4841048330322,46.3153256047661,45.67735472657
27.3,50.7778820059863,49.8951096417179,49.3706455819424,48.075353904129,47.2875147755137,46.4822836613101,46.3136868945444,45.675698930194
27.4,50.7759646487977,49.8931639126113,49.3687569358103,48.0735916950312,47.2857468578684,46.4804664224166,46.3120521057563,45.6740468911651
27.5,50.7740509098886,49.8912222848809,49.3668719533731,48.0718331420579,47.283982785233,46.4786531162939,46.3104212306778,45.6723986059361
27.6,50.7721407914311,49.8892847577613,49.3649906349904,48.0700782443311,47.2822225554839,46.4768437430136,46.3087942617805,45.6707540711354
27.7,50.7702342957577,49.8873513305342,49.3631129812163,48.0683270011436,47.28046616667,46.4750383027689,46.3071711917245,45.6691132835593
27.8,50.7683314253516,49.885422002523,49.3612389927885,48.0665794119502,47.2787136170034,46.473236795866,46.3055520133517,45.6674762401627
27.9,50.7664321828377,49.8834967730868,49.3593686706193,48.0648354763587,47.2769649048506,46.4714392227166,46.3039367196792,45.6658429380517
28,50.764536570974,49.8815756416156,49.3575020157856,48.0630951941217,47.2752200287244,46.4696455838303,46.3023253038929,45.6642133744755
28.1,50.7626445926431,49.8796586075247,49.35563902952,48.0613585651281,47.2734789872758,46.4678558798069,46.3007177593412,45.6625875468187
28.2,50.7607562508435,49.8777456702499,49.3537797132017,48.0596255893955,47.2717417792855,46.4660701113296,46.2991140795288,45.660965452594
28.3,50.7588715486821,49.8758368292428,49.351924068348,48.0578962670624,47.270008403657,46.464288279158,46.2975142581108,45.6593470894353
28.4,50.7569904893658,49.873932083966,49.3500720966056,48.0561705983803,47.2682788594087,46.4625103841217,46.2959182888872,45.6577324550902
28.5,50.7551130761946,49.8720314338888,49.3482237997431,48.0544485837073,47.2665531456668,46.4607364271132,46.2943261657967,45.6561215474139
28.6,50.753239312554,49.8701348784829,49.3463791796423,48.0527302235002,47.2648312616584,46.4589664090823,46.2927378829115,45.6545143643622
28.7,50.7513692019077,49.8682424172181,49.3445382382914,48.0510155183083,47.2631132067047,46.45720033103,46.291153434432,45.6529109039855
28.8,50.7495027477912,49.8663540495586,49.3427009777767,48.0493044687665,47.2613989802144,46.4554381940023,46.2895728146815,45.6513111644227
28.9,50.7476399538048,49.864469774959,49.3408674002761,48.047597075589,47.2596885816776,46.4536799990849,46.2879960181008,45.6497151438949
29,50.7457808236072,49.8625895928606,49.3390375080519,48.0458933395632,47.2579820106594,46.4519257473976,46.2864230392437,45.6481228407002
29.1,50.7439253609095,49.8607135026879,49.3372113034441,48.0441932615435,47.2562792667939,46.4501754400891,46.2848538727721,45.6465342532078
29.2,50.7420735694688,49.8588415038455,49.3353887888637,48.0424968424457,47.2545803497788,46.4484290783319,46.2832885134508,45.6449493798526
29.3,50.740225453083,49.8569735957141,49.3335699667865,48.0408040832414,47.2528852593698,46.4466866633175,46.2817269561436,45.6433682191304
29.4,50.7383810155842,49.8551097776484,49.3317548397471,48.0391149849521,47.2511939953746,46.4449481962514,46.2801691958082,45.6417907695923
29.5,50.7365402608342,49.8532500489731,49.3299434103326,48.0374295486448,47.2495065576487,46.443213678349,46.2786152274926,45.6402170298404
29.6,50.7347031927185,49.8513944089806,49.3281356811773,48.035747775426,47.2478229460895,46.4414831108306,46.2770650463301,45.6386469985227
29.7,50.7328698151417,49.8495428569282,49.3263316549566,48.0340696664374,47.2461431606317,46.4397564949177,46.2755186475355,45.6370806743287
29.8,50.731040132022,49.8476953920353,49.3245313343823,48.0323952228508,47.244467201243,46.4380338318284,46.2739760264013,45.6355180559849
29.9,50.7292141472871,49.8458520134809,49.3227347221967,48.0307244458636,47.2427950679189,46.4363151227738,46.2724371782937,45.6339591422509
30,50.7273918648691,49.8440127204012,49.3209418211681,48.0290573366945,47.2411267606786,46.4346003689542,46.2709020986483,45.6324039319146
30.1,50.7255732887001,49.8421775118874,49.3191526340857,48.0273938965787,47.2394622795611,46.4328895715553,46.2693707829674,45.630852423789
30.2,50.723758422708,49.8403463869833,49.3173671637546,48.0257341267646,47.2378016246203,46.4311827317445,46.2678432268155,45.6293046167079
30.3,50.7219472708123,49.8385193446835,49.315585412992,48.0240780285088,47.2361447959219,46.429479850668,46.2663194258162,45.6277605095221
30.4,50.7201398369203,49.8366963839309,49.3138073846219,48.0224256030728,47.2344917935389,46.4277809294469,46.264799375649,45.6262201010964
30.5,50.7183361979769,49.8348775836009,49.3120331545706,48.0207769237849,47.2328426925773,46.4260860468613,46.2632831454249,45.6246834627862
30.6,50.7165362849468,49.8330628624955,49.3102626526737,48.0191319198876,47.2311974180882,46.4243951263265,46.2617706573851,45.6231505209496
30.7,50.7147401016757,49.8312522193889,49.3084958817517,48.0174905926345,47.2295559701456,46.422708168869,46.2602619073591,45.6216212744718
30.8,50.7129476519818,49.8294456529971,49.306732844616,48.0158529432691,47.2279183488168,46.4210251754787,46.2587568912191,45.6200957222385
30.9,50.7111589396529,49.8276431619756,49.304973544065,48.0142189730225,47.2262845541591,46.4193461471058,46.2572556048774,45.6185738631327
31,50.7093739684427,49.8258447449184,49.3032179828808,48.0125886831092,47.2246545862171,46.4176710846583,46.2557580442834,45.6170556960319
31.1,50.7075927420681,49.8240504003565,49.3014661638257,48.0109620747251,47.2230284450195,46.4159999890001,46.2542642054206,45.6155412198051
31.2,50.7058152642059,49.8222601267564,49.2997180896388,48.009339149044,47.2214061305764,46.414332860948,46.2527740843044,45.6140304333106
31.3,50.7040415384901,49.8204739225193,49.297973763033,48.0077199072151,47.2197876428763,46.4126697012697,46.2512876769789,45.6125233353933
31.4,50.7022715685092,49.8186917859794,49.2962331866918,48.00610435036,47.218172981884,46.4110105106819,46.2498049795151,45.6110199248818
31.5,50.7005053578034,49.8169137154035,49.2944963632662,48.0044924795705,47.2165621475376,46.4093552898478,46.2483259880078,45.6095202005867
31.6,50.6987429098621,49.8151397089891,49.2927632953723,48.002884295906,47.2149551397461,46.4077040393754,46.2468506985735,45.6080241612978
31.7,50.6969842281217,49.8133697648643,49.2910339855882,48.001279800391,47.2133519583875,46.4060567598156,46.2453791073483,45.6065318057823
31.8,50.6952293159629,49.8116038810862,49.2893084364516,47.9996789940129,47.2117526033061,46.4044134516603,46.2439112104852,45.6050431327824
31.9,50.6934781767085,49.8098420556407,49.287586650457,47.9980818777196,47.2101570743105,46.402774115341,46.2424470041523,45.6035581410136
32,50.6917308136217,49.8080842864414,49.2858686300537,47.996488452418,47.2085653711716,46.4011387512268,46.2409864845307,45.6020768291623
32.1,50.6899872299033,49.8063305713287,49.2841543776429,47.9948987189713,47.2069774936208,46.399507359623,46.2395296478121,45.6005991958845
32.2,50.6882474286904,49.8045809080698,49.2824438955762,47.9933126781974,47.2053934413477,46.3978799407697,46.2380764901975,45.5991252398037
32.3,50.6865114130542,49.8028352943572,49.2807371861527,47.9917303308668,47.2038132139986,46.3962564948404,46.2366270078946,45.5976549595093
32.4,50.6847791859982,49.8010937278091,49.2790342516175,47.9901516777014,47.2022368111746,46.3946370219407,46.2351811971164,45.5961883535548
32.5,50.6830507504564,49.7993562059682,49.2773350941595,47.9885767193721,47.2006642324303,46.3930215221069,46.2337390540791,45.5947254204568
32.6,50.6813261092921,49.7976227263017,49.2756397159096,47.9870054564976,47.1990954772718,46.391409995305,46.2323005750009,45.5932661586927
32.7,50.6796052652957,49.7958932862008,49.2739481189389,47.9854378896428,47.1975305451553,46.3898024414295,46.2308657560997,45.5918105666999
32.8,50.6778882211836,49.79416788298,49.2722603052569,47.9838740193172,47.195969435486,46.3881988603024,46.229434593592,45.5903586428745
32.9,50.676174979597,49.7924465138774,49.27057627681,47.9823138459737,47.1944121476163,46.3865992516723,46.228007083691,45.5889103855694
33,50.6744655430998,49.7907291760542,49.2688960354797,47.9807573700069,47.1928586808447,46.3850036152132,46.2265832226052,45.5874657930938
33.1,50.6727599141781,49.7890158665943,49.2672195830815,47.9792045917525,47.1913090344146,46.3834119505239,46.2251630065373,45.5860248637115
33.2,50.6710580952388,49.7873065825043,49.2655469213631,47.9776555114852,47.1897632075133,46.3818242571272,46.223746431682,45.5845875956401
33.3,50.6693600886079,49.7856013207135,49.2638780520033,47.9761101294182,47.1882211992705,46.3802405344691,46.2223334942257,45.5831539870501
33.4,50.6676658965305,49.7839000780736,49.2622129766106,47.9745684457022,47.1866830087573,46.3786607819179,46.2209241903441,45.5817240360633
33.5,50.6659755211685,49.7822028513588,49.260551696722,47.9730304604237,47.1851486349859,46.3770849987639,46.219518516202,45.5802977407526
33.6,50.6642889646007,49.7805096372656,49.258894213802,47.9714961736048,47.1836180769075,46.3755131842187,46.2181164679513,45.5788750991406
33.7,50.6626062288215,49.7788204324132,49.2572405292411,47.9699655852017,47.1820913334127,46.3739453374144,46.2167180417303,45.5774561091989
33.8,50.66092731574,49.7771352333429,49.2555906443555,47.9684386951041,47.1805684033295,46.3723814574035,46.2153232336621,45.5760407688477
33.9,50.659252227179,49.775454036519,49.2539445603853,47.9669155031346,47.1790492854236,46.3708215431584,46.2139320398543,45.5746290759543
34,50.657580964875,49.7737768383284,49.2523022784942,47.9653960090475,47.1775339783966,46.3692655935707,46.2125444563973,45.5732210283332
34.1,50.6559135304767,49.7721036350806,49.2506637997683,47.9638802125284,47.1760224808865,46.3677136074511,46.2111604793634,45.5718166237449
34.2,50.654249925545,49.7704344230086,49.2490291252156,47.9623681131935,47.174514791466,46.3661655835291,46.2097801048061,45.5704158598957
34.3,50.652590151552,49.7687691982682,49.2473982557651,47.9608597105888,47.1730109086425,46.3646215204525,46.2084033287593,45.5690187344369
34.4,50.6509342098805,49.7671079569392,49.2457711922658,47.95935500419,47.1715108308576,46.3630814167875,46.2070301472359,45.5676252449642
34.5,50.6492821018239,49.7654506950245,49.2441479354868,47.9578539934013,47.1700145564864,46.3615452710182,46.2056605562273,45.5662353890176
34.6,50.6476338285852,49.7637974084517,49.2425284861157,47.9563566775555,47.1685220838371,46.3600130815466,46.2042945517027,45.5648491640807
34.7,50.6459893912772,49.7621480930724,49.2409128447592,47.9548630559134,47.1670334111505,46.3584848466927,46.202932129608,45.5634665675803
34.8,50.6443487909215,49.7605027446628,49.2393010119415,47.9533731276633,47.1655485366,46.3569605646938,46.2015732858657,45.5620875968861
34.9,50.6427120284489,49.7588613589245,49.2376929881047,47.9518868919206,47.1640674582908,46.3554402337051,46.2002180163733,45.5607122493103
35,50.6410791046983,49.7572239314842,49.2360887736077,47.9504043477278,47.1625901742599,46.3539238517994,46.1988663170034,45.5593405221077
35.1,50.6394500204171,49.7555904578945,49.2344883687262,47.9489254940538,47.1611166824756,46.352411416967,46.1975181836028,45.5579724124746
35.2,50.637824776261,49.7539609336343,49.2328917736526,47.947450329794,47.1596469808378,46.3509029271159,46.1961736119917,45.5566079175497
35.3,50.6362033727934,49.7523353541093,49.2312989884951,47.9459788537699,47.1581810671772,46.349398380072,46.1948325979636,45.5552470344128
35.4,50.6345858858098,49.7507137918154,49.2297100879812,47.9445111369966,47.1567190134403,46.3478978507988,46.1934952068742,45.5538898307868
35.5,50.6329722403759,49.7490961646646,49.2281249973417,47.943047105826,47.1552607430431,46.346401259645,46.1921613647065,45.5525362328141
35.6,50.6313624367733,49.7474824678413,49.2265437164268,47.9415867588527,47.1538062536049,46.3449086041858,46.1908310671681,45.5511862373952
35.7,50.6297564751908,49.7458726964586,49.2249662450023,47.9401300945972,47.1523555426753,46.3434198819148,46.1895043099378,45.549839841372
35.8,50.6281543557252,49.7442668455587,49.2233925827489,47.9386771115054,47.1509086077348,46.341935090244,46.1881810886649,45.5484970415274
35.9,50.6265560783809,49.7426649101135,49.2218227292624,47.9372278079488,47.1494654461941,46.3404542265043,46.186861398969,45.5471578345853
36,50.62496164307,49.7410668850253,49.2202566840536,47.9357821822247,47.1480260553949,46.3389772879458,46.1855452364394,45.5458222172106
36.1,50.6233710496123,49.7394727651272,49.2186944465485,47.9343402325556,47.1465904326093,46.3375042717376,46.1842325966349,45.5444901860096
36.2,50.6217842977357,49.7378825451837,49.2171360160879,47.9329019570898,47.14515857504,46.3360351749689,46.1829234750836,45.5431617375294
36.3,50.6202013870761,49.7362962198913,49.2155813919275,47.9314673539014,47.1437304798208,46.3345699946484,46.1816178672823,45.5418368682584
36.4,50.6186223171778,49.7347137838791,49.2140305732385,47.9300364209902,47.1423061440162,46.3331087277054,46.1803157686964,45.5405155746265
36.5,50.6170470874935,49.7331352317095,49.2124835591069,47.928609156282,47.1408855646219,46.3316513709899,46.1790171747597,45.5391978530048
36.6,50.6154756973844,49.7315605578786,49.2109403485341,47.9271855576289,47.1394687385649,46.3301979212728,46.1777220808739,45.537883699706
36.7,50.6139081461209,49.7299897568173,49.2094009404371,47.9257656228089,47.1380556627033,46.3287483752464,46.1764304824089,45.5365731109847
36.8,50.6123444328823,49.7284228228914,49.2078653336484,47.9243493495268,47.1366463338271,46.3273027295252,46.1751423747019,45.5352660830371
36.9,50.6107845567577,49.7268597504024,49.2063335269161,47.9229367354139,47.1352407486582,46.3258609806456,46.1738577530579,45.5339626120017
37,50.6092285167457,49.7253005335885,49.2048055189047,47.9215277780286,47.1338389038503,46.3244231250671,46.1725766127492,45.5326626939592
37.1,50.6076763117551,49.7237451666249,49.2032813081945,47.9201224748564,47.1324407959898,46.3229891591723,46.1712989490151,45.5313663249328
37.2,50.6061279406052,49.7221936436245,49.2017608932826,47.9187208233103,47.1310464215956,46.3215590792672,46.1700247570622,45.5300735008885
37.3,50.6045834020261,49.7206459586389,49.2002442725828,47.9173228207309,47.1296557771193,46.3201328815825,46.1687540320641,45.5287842177353
37.4,50.603042694659,49.7191021056586,49.1987314444259,47.915928464387,47.1282688589462,46.3187105622733,46.1674867691613,45.5274984713255
37.5,50.6015058170568,49.7175620786143,49.19722240706,47.9145377514758,47.1268856633947,46.3172921174199,46.1662229634611,45.5262162574549
37.6,50.5999727676844,49.7160258713768,49.195717158651,47.913150679123,47.1255061867176,46.3158775430284,46.1649626100377,45.5249375718633
37.7,50.5984435449191,49.7144934777586,49.1942156972828,47.9117672443837,47.1241304251017,46.3144668350312,46.1637057039319,45.5236624102346
37.8,50.5969181470511,49.712964891514,49.1927180209577,47.9103874442422,47.1227583746684,46.3130599892875,46.1624522401515,45.5223907681972
37.9,50.5953965722841,49.7114401063399,49.191224127597,47.9090112756126,47.1213900314742,46.3116570015839,46.1612022136708,45.5211226413244
38,50.5938788187355,49.7099191158768,49.1897340150408,47.9076387353395,47.1200253915112,46.310257867635,46.1599556194311,45.5198580251348
38.1,50.5923648844369,49.7084019137093,49.188247681049,47.9062698201977,47.1186644507072,46.308862583084,46.1587124523402,45.5185969150924
38.2,50.5908547673351,49.7068884933667,49.1867651233016,47.9049045268935,47.1173072049262,46.3074711435031,46.1574727072731,45.5173393066074
38.3,50.589348465292,49.7053788483241,49.185286339399,47.9035428520644,47.1159536499691,46.3060835443943,46.1562363790713,45.516085195036
38.4,50.5878459760852,49.7038729720028,49.1838113268624,47.9021847922799,47.1146037815739,46.3046997811901,46.1550034625434,45.5148345756813
38.5,50.5863472974091,49.7023708577712,49.1823400831345,47.9008303440419,47.113257595416,46.3033198492539,46.153773952465,45.5135874437936
38.6,50.5848524268748,49.7008724989455,49.18087260558,47.8994795037851,47.1119150871091,46.3019437438805,46.152547843579,45.5123437945707
38.7,50.5833613620111,49.6993778887904,49.1794088914857,47.8981322678776,47.1105762522054,46.3005714602973,46.1513251305952,45.5111036231583
38.8,50.5818741002648,49.6978870205198,49.1779489380613,47.8967886326213,47.1092410861962,46.2992029936643,46.1501058081908,45.5098669246505
38.9,50.5803906390013,49.6963998872979,49.1764927424401,47.8954485942524,47.1079095845121,46.297838339075,46.1488898710106,45.5086336940904
39,50.5789109755054,49.6949164822393,49.175040301679,47.894112148942,47.1065817425239,46.2964774915572,46.1476773136667,45.5074039264702
39.1,50.5774351069818,49.6934367984102,49.1735916127595,47.8927792927963,47.1052575555429,46.2951204460736,46.1464681307392,45.5061776167318
39.2,50.5759630305555,49.6919608288293,49.1721466725881,47.8914500218576,47.1039370188214,46.2937671975221,46.1452623167759,45.5049547597676
39.3,50.5744947432728,49.6904885664678,49.1707054779966,47.8901243321045,47.1026201275534,46.2924177407369,46.1440598662926,45.5037353504202
39.4,50.5730302421016,49.689020004251,49.1692680257432,47.8888022194524,47.1013068768749,46.291072070489,46.1428607737734,45.5025193834838
39.5,50.5715695239321,49.6875551350585,49.1678343125125,47.8874836797543,47.0999972618645,46.289730181487,46.1416650336707,45.5013068537039
39.6,50.5701125855777,49.6860939517252,49.1664043349164,47.8861687088012,47.0986912775442,46.2883920683775,46.1404726404055,45.5000977557782
39.7,50.5686594237752,49.6846364470419,49.1649780894947,47.8848573023225,47.0973889188793,46.2870577257459,46.1392835883676,45.4988920843569
39.8,50.5672100351858,49.6831826137558,49.1635555727156,47.8835494559869,47.0960901807798,46.2857271481174,46.1380978719157,45.4976898340435
39.9,50.5657644163955,49.681732444572,49.1621367809761,47.8822451654028,47.0947950581004,46.2844003299571,46.1369154853777,45.4964909993949
40,50.5643225639161,49.6802859321535,49.160721710603,47.8809444261186,47.0935035456412,46.2830772656711,46.1357364230508,45.4952955749219
40.1,50.5628844741855,49.6788430691221,49.1593103578533,47.8796472336238,47.0922156381481,46.2817579496073,46.134560679202,45.4941035550903
40.2,50.5614501435687,49.6774038480595,49.1579027189147,47.8783535833492,47.0909313303138,46.2804423760557,46.1333882480681,45.4929149343208
40.3,50.5600196419193,49.6759683326252,49.156498862573,47.8770635399403,47.0896506871483,46.2791306124045,46.1322191885833,45.4917297734163
40.4,50.5585928917489,49.6745364439146,49.1550987120585,47.8757770292574,47.0883736326585,46.2778225794491,46.1310534299724,45.490548000063
40.5,50.5571698892031,49.6731081743903,49.1537022633516,47.8744940465559,47.0871001613771,46.2765182713073,46.1298909663814,45.4893696085473
40.6,50.5557506303574,49.6716835164776,49.152309512366,47.8732145870351,47.0858302677858,46.2752176820423,46.1287317919275,45.488194593113
40.7,50.5543351112177,49.6702624625648,49.1509204549494,47.8719386458384,47.0845639463158,46.273920805663,46.1275759006987,45.4870229479619
40.8,50.552923327721,49.6688450050045,49.1495350868841,47.8706662180546,47.0833011913482,46.2726276361248,46.1264232867546,45.4858546672535
40.9,50.5515152757359,49.667431136114,49.1481534038878,47.8693972987179,47.082041997215,46.2713381673304,46.1252739441264,45.4846897451066
41,50.5501109510636,49.6660208481759,49.1467754016143,47.8681318828088,47.0807863581992,46.2700523931303,46.1241278668173,45.483528175599
41.1,50.5487103494387,49.6646141334391,49.1454010756539,47.8668699652545,47.0795342685359,46.2687703073238,46.1229850488026,45.4823699527684
41.2,50.5473134665293,49.6632109841194,49.144030421534,47.8656115409298,47.0782857224126,46.2674919036594,46.1218454840304,45.4812150706131
41.3,50.5459202979383,49.6618113923998,49.1426634347203,47.8643566046575,47.0770407139697,46.2662171758357,46.1207091664213,45.4800635230919
41.4,50.5445308392039,49.660415350432,49.1413001106168,47.8631051512091,47.0757992373013,46.264946117502,46.1195760898692,45.4789153041255
41.5,50.5431450858001,49.6590228503364,49.139940444567,47.8618571753053,47.0745612864559,46.263678722259,46.1184462482413,45.4777704075962
41.6,50.541763033138,49.6576338842031,49.1385844318541,47.8606126716167,47.0733268554366,46.2624149836596,46.1173196353788,45.4766288273491
41.7,50.5403846765656,49.6562484440924,49.1372320677021,47.8593716347645,47.0720959382022,46.2611548952093,46.1161962450964,45.4754905571922
41.8,50.5390100113695,49.6548665220359,49.1358833472761,47.858134059321,47.0708685286674,46.2598984503675,46.1150760711836,45.4743555908971
41.9,50.5376390327748,49.6534881100366,49.1345382656831,47.8568999398102,47.0696446207036,46.2586456425474,46.1139591074043,45.4732239221996
42,50.5362717359463,49.65211320007,49.1331968179729,47.8556692707085,47.0684242081394,46.2573964651173,46.1128453474974,45.4720955448001
42.1,50.534908115989,49.6507417840846,49.1318589991384,47.8544420464452,47.0672072847613,46.2561509114011,46.1117347851772,45.4709704523643
42.2,50.5335481679489,49.6493738540025,49.1305248041164,47.8532182614033,47.0659938443143,46.2549089746789,46.1106274141333,45.4698486385236
42.3,50.5321918868135,49.6480094017204,49.1291942277884,47.85199790992,47.0647838805023,46.2536706481878,46.1095232280315,45.4687300968756
42.4,50.5308392675128,49.6466484191097,49.1278672649811,47.8507809862873,47.063577386989,46.2524359251225,46.1084222205138,45.4676148209848
42.5,50.52949030492,49.6452908980176,49.1265439104672,47.8495674847527,47.0623743573983,46.2512047986361,46.1073243851987,45.4665028043831
42.6,50.5281449938519,49.6439368302677,49.1252241589659,47.8483573995197,47.0611747853149,46.2499772618406,46.1062297156816,45.4653940405701
42.7,50.5268033290699,49.6425862076605,49.1239080051438,47.8471507247484,47.0599786642851,46.2487533078078,46.105138205535,45.464288523014
42.8,50.5254653052806,49.641239021974,49.1225954436154,47.8459474545563,47.0587859878171,46.2475329295697,46.1040498483093,45.4631862451518
42.9,50.5241309171363,49.6398952649645,49.1212864689437,47.8447475830187,47.0575967493817,46.2463161201195,46.1029646375326,45.4620872003902
43,50.5228001592361,49.6385549283672,49.1199810756412,47.8435511041697,47.0564109424131,46.2451028724118,46.1018825667112,45.4609913821056
43.1,50.5214730261265,49.6372180038966,49.1186792581701,47.8423580120022,47.0552285603091,46.243893179364,46.1008036293299,45.4598987836451
43.2,50.5201495123018,49.6358844832475,49.1173810109435,47.8411683004688,47.0540495964322,46.242687033856,46.0997278188527,45.4588093983269
43.3,50.518829612205,49.6345543580952,49.1160863283254,47.8399819634828,47.0528740441095,46.2414844287319,46.0986551287226,45.4577232194408
43.4,50.5175133202286,49.6332276200965,49.114795204632,47.838798994918,47.0517018966341,46.2402853567996,46.0975855523622,45.4566402402484
43.5,50.5162006307151,49.63190426089,49.113507634132,47.8376193886101,47.050533147265,46.2390898108324,46.0965190831742,45.4555604539844
43.6,50.514891537958,49.630584272097,49.1122236110474,47.8364431383567,47.0493677892279,46.2378977835691,46.0954557145413,45.4544838538563
43.7,50.5135860362019,49.6292676453216,49.1109431295541,47.8352702379182,47.048205815716,46.2367092677146,46.094395439827,45.4534104330453
43.8,50.5122841196438,49.6279543721517,49.1096661837825,47.8341006810183,47.0470472198904,46.235524255941,46.0933382523758,45.4523401847068
43.9,50.5109857824334,49.6266444441597,49.1083927678183,47.8329344613449,47.0458919948805,46.2343427408877,46.0922841455133,45.4512731019711
44,50.5096910186742,49.6253378529026,49.1071228757028,47.8317715725501,47.0447401337848,46.2331647151625,46.0912331125469,45.4502091779433
44.1,50.5083998224234,49.624034589923,49.1058565014343,47.8306120082512,47.0435916296715,46.2319901713418,46.0901851467658,45.4491484057044
44.2,50.5071121876936,49.6227346467493,49.1045936389677,47.8294557620311,47.042446475579,46.2308191019717,46.0891402414418,45.4480907783118
44.3,50.5058281084526,49.6214380148966,49.1033342822162,47.8283028274394,47.0413046645162,46.2296514995682,46.0880983898292,45.4470362887992
44.4,50.5045475786244,49.6201446858671,49.1020784250511,47.8271531979919,47.0401661894636,46.228487356618,46.0870595851652,45.4459849301777
44.5,50.5032705920901,49.6188546511506,49.1008260613029,47.8260068671725,47.0390310433734,46.227326665579,46.0860238206704,45.4449366954362
44.6,50.5019971426881,49.6175679022251,49.0995771847618,47.8248638284326,47.0378992191703,46.2261694188813,46.0849910895494,45.4438915775417
44.7,50.5007272242153,49.6162844305575,49.0983317891783,47.8237240751925,47.0367707097517,46.2250156089273,46.0839613849903,45.4428495694398
44.8,50.4994608304272,49.6150042276038,49.097089868264,47.8225876008416,47.035645507989,46.2238652280924,46.0829347001661,45.4418106640555
44.9,50.4981979550388,49.6137272848098,49.095851415692,47.8214543987389,47.0345236067272,46.2227182687261,46.081911028234,45.4407748542931
45,50.4969385917255,49.6124535936119,49.0946164250976,47.8203244622138,47.0334049987861,46.2215747231518,46.0808903623368,45.4397421330373
45.1,50.4956827341233,49.611183145437,49.0933848900789,47.8191977845665,47.0322896769606,46.2204345836681,46.0798726956022,45.4387124931534
45.2,50.4944304443173,49.6099159949556,49.092156871701,47.8180744227038,47.0311776981711,46.2192979090316,46.0788580796807,45.437685987626
45.3,50.4931816471303,49.6086520699954,49.0909322957358,47.8169543059732,47.0300689907347,46.2181646247106,46.0778464488694,45.4366625488682
45.4,50.4919363360827,49.6073913619586,49.0897111556718,47.8158374275893,47.0289635473737,46.2170347229306,46.0768377962534,45.4356421696889
45.5,50.490694504658,49.6061338622404,49.0884934449629,47.8147237807397,47.0278613607877,46.2159081958942,46.0758321149051,45.4346248428798
45.6,50.4894561463041,49.6048795622294,49.0872791570286,47.8136133585858,47.0267624236541,46.2147850357818,46.0748293978835,45.4336105612152
45.7,50.4882212544332,49.6036284533081,49.0860682852554,47.812506154263,47.0256667286284,46.2136652347524,46.0738296382354,45.4325993174532
45.8,50.486989822423,49.6023805268534,49.0848608229965,47.8114021608815,47.0245742683454,46.2125487849437,46.0728328289952,45.4315911043355
45.9,50.485761843617,49.6011357742369,49.0836567635731,47.8103013715268,47.0234850354189,46.2114356784729,46.0718389631853,45.4305859145885
46,50.4845373113252,49.5998941868256,49.0824561002747,47.8092037792602,47.0223990224427,46.2103259074375,46.0708480338167,45.4295837409232
46.1,50.4833162188249,49.5986557559823,49.0812588263595,47.8081093771191,47.021316221991,46.2092194639153,46.0698600338891,45.4285845760358
46.2,50.4820985593609,49.5974204730661,49.0800649350554,47.8070181581179,47.0202366266188,46.2081163399654,46.0688749563912,45.4275884126085
46.3,50.4808843261464,49.5961883294326,49.0788744195604,47.8059301152483,47.0191602288625,46.2070165276284,46.0678927943012,45.4265952433093
46.4,50.4796735123635,49.5949593164348,49.0776872730428,47.8048452414799,47.0180870212404,46.2059200189274,46.0669135405869,45.425605060793
46.5,50.4784661111639,49.5937334254229,49.0765034886425,47.8037635297606,47.0170169962531,46.204826805868,46.0659371882062,45.4246178577013
46.6,50.4772621156692,49.5925106477456,49.075323059471,47.8026849730173,47.015950146384,46.2037368804389,46.0649637301076,45.4236336266635
46.7,50.476061518972,49.5912909747496,49.0741459786121,47.801609564156,47.0148864641,46.2026502346129,46.0639931592298,45.4226523602966
46.8,50.4748643141359,49.5900743977808,49.0729722391225,47.8005372960629,47.0138259418515,46.2015668603469,46.063025468503,45.4216740512059
46.9,50.4736704941964,49.5888609081843,49.0718018340325,47.7994681616044,47.0127685720733,46.2004867495825,46.0620606508484,45.4206986919855
47,50.4724800521614,49.5876504973049,49.0706347563463,47.7984021536278,47.011714347185,46.1994098942468,46.061098699179,45.4197262752186
47.1,50.4712929810119,49.5864431564875,49.0694709990425,47.7973392649617,47.0106632595914,46.1983362862524,46.0601396063996,45.4187567934779
47.2,50.4701092737024,49.5852388770777,49.068310555075,47.7962794884167,47.0096153016828,46.1972659174984,46.0591833654073,45.417790239326
47.3,50.4689289231613,49.5840376504218,49.0671534173733,47.7952228167856,47.0085704658357,46.1961987798707,46.0582299690919,45.4168266053158
47.4,50.4677519222919,49.5828394678676,49.065999578843,47.7941692428439,47.0075287444132,46.1951348652422,46.057279410336,45.4158658839912
47.5,50.4665782639726,49.5816443207647,49.0648490323663,47.7931187593505,47.0064901297654,46.1940741654737,46.0563316820152,45.414908067887
47.6,50.4654079410575,49.5804522004646,49.0637017708029,47.792071359048,47.0054546142298,46.1930166724141,46.0553867769988,45.4139531495295
47.7,50.4642409463772,49.5792630983215,49.06255778699,47.7910270346632,47.0044221901319,46.1919623779012,46.0544446881497,45.4130011214372
47.8,50.4630772727388,49.5780770056923,49.061417073743,47.7899857789075,47.0033928497856,46.1909112737617,46.0535054083251,45.4120519761206
47.9,50.461916912927,49.5768939139374,49.0602796238564,47.7889475844775,47.0023665854932,46.1898633518119,46.0525689303764,45.411105706083
48,50.4607598597044,49.5757138144205,49.0591454301037,47.7879124440553,47.0013433895467,46.1888186038583,46.0516352471497,45.4101623038208
48.1,50.4596061058118,49.5745366985095,49.0580144852382,47.786880350309,47.0003232542273,46.1877770216979,46.050704351486,45.4092217618239
48.2,50.4584556439692,49.5733625575765,49.0568867819936,47.7858512958932,46.9993061718067,46.1867385971185,46.0497762362218,45.4082840725759
48.3,50.4573084668758,49.5721913829985,49.0557623130843,47.7848252734494,46.9982921345465,46.1857033218994,46.0488508941887,45.4073492285545
48.4,50.4561645672109,49.5710231661572,49.0546410712061,47.7838022756063,46.9972811346997,46.1846711878118,46.0479283182146,45.4064172222321
48.5,50.4550239376343,49.56985789844,49.0535230490365,47.7827822949806,46.9962731645103,46.183642186619,46.0470085011232,45.4054880460761
48.6,50.4538865707866,49.5686955712399,49.052408239235,47.781765324177,46.995268216214,46.1826163100772,46.0460914357346,45.4045616925488
48.7,50.45275245929,49.5675361759558,49.0512966344443,47.7807513557889,46.9942662820388,46.1815935499355,46.0451771148658,45.4036381541085
48.8,50.4516215957486,49.5663797039931,49.05018822729,47.7797403823986,46.9932673542049,46.1805738979366,46.0442655313306,45.4027174232092
48.9,50.4504939727488,49.565226146764,49.0490830103814,47.778732396578,46.9922714249257,46.1795573458174,46.0433566779398,45.4017994923014
49,50.4493695828603,49.5640754956876,49.047980976312,47.7777273908888,46.9912784864075,46.1785438853089,46.0424505475022,45.400884353832
49.1,50.4482484186358,49.5629277421902,49.0468821176598,47.7767253578831,46.9902885308507,46.1775335081369,46.0415471328239,45.3999720002451
49.2,50.4471304726122,49.561782877706,49.0457864269881,47.7757262901033,46.9893015504493,46.1765262060224,46.0406464267093,45.3990624239821
49.3,50.4460157373104,49.5606408936771,49.0446938968456,47.7747301800834,46.9883175373921,46.175521970682,46.039748421961,45.3981556174819
49.4,50.4449042052364,49.5595017815536,49.0436045197668,47.7737370203485,46.9873364838623,46.1745207938283,46.0388531113801,45.3972515731816
49.5,50.4437958688815,49.5583655327945,49.0425182882728,47.7727468034156,46.9863583820387,46.1735226671702,46.0379604877668,45.3963502835165
49.6,50.4426907207224,49.5572321388674,49.0414351948716,47.771759521794,46.9853832240953,46.1725275824133,46.0370705439201,45.3954517409203
49.7,50.4415887532224,49.556101591249,49.0403552320583,47.7707751679856,46.9844110022021,46.1715355312604,46.0361832726384,45.3945559378261
49.8,50.4404899588312,49.5549738814256,49.039278392316,47.7697937344855,46.9834417085254,46.1705465054117,46.0352986667199,45.3936628666659
49.9,50.4393943299855,49.553849000893,49.0382046681157,47.7688152137818,46.982475335228,46.1695604965653,46.0344167189623,45.3927725198714
50,50.4383018591098,49.5527269411571,49.0371340519171,47.7678395983568,46.9815118744696,46.1685774964175,46.0335374221638,45.391884889874
