"Freq [GHz]","lost_power_fraction [] - g_pillar_position='27.4um'","lost_power_fraction [] - g_pillar_position='28.4um'","lost_power_fraction [] - g_pillar_position='42.4um'","lost_power_fraction [] - g_pillar_position='57.4um'","lost_power_fraction [] - g_pillar_position='72.4um'","lost_power_fraction [] - g_pillar_position='87.4um'","lost_power_fraction [] - g_pillar_position='102.4um'"
1,0.00905327943686807,0.00908129438068739,0.00895407635876744,0.00896584635512343,0.00913227943030681,0.00925022775369821,0.00927331490595762
1.1,0.00924556328327495,0.00932025336199832,0.00914411102744869,0.00915483894261141,0.0093678852192133,0.00950279905522906,0.00951911025488794
1.2,0.00942018402390086,0.0095362981246365,0.0093169584503311,0.00932662928044557,0.0095817531786781,0.00972549011754099,0.00973443603334946
1.3,0.00957962618983915,0.00972957724646704,0.00947509459577846,0.00948382824822063,0.00977381907129161,0.00992118160593372,0.00992281359228461
1.4,0.00972574915232295,0.00990143447073669,0.00962033614341895,0.0096283284211359,0.00994523885161702,0.0100927172883527,0.01008792052922
1.5,0.00986002215616916,0.0100537827323847,0.0097540967162604,0.00976157608945642,0.0100977697687553,0.0102424847384799,0.010233200891494
1.6,0.00998366721867114,0.0101887260156548,0.00987754215126601,0.00988474125418498,0.0102333912382475,0.0103723892286239,0.0103617242708324
1.7,0.0100977432817952,0.0103083459574682,0.00999168005210129,0.009998818621818,0.0103540871705892,0.010484245862767,0.0104761611230754
1.8,0.010203194170436,0.0104145912343915,0.0100974091065896,0.0101046849652278,0.0104617302926166,0.0105804406261019,0.0105788088563456
1.9,0.0103008750766427,0.0105092282483148,0.0101955451811659,0.0102031304872136,0.0105580281047111,0.0106642662550389,0.0106716378566271
2,0.0103915669137085,0.0105938268432749,0.0102868348379455,0.0102948755774687,0.0106445046095323,0.0107393847640392,0.0107563440407593
2.1,0.010475984266372,0.0106697650026797,0.0103719625445403,0.010380579872122,0.0107225018206454,0.0108088238068272,0.010834403452607
2.2,0.0105547802816075,0.0107382429917479,0.0104515550449429,0.0104608475664536,0.0107931914324609,0.0108744481735714,0.0109071296406619
2.3,0.0106285503273472,0.0108003014391291,0.0105261846724109,0.0105362311020511,0.0108575910184292,0.0109371448612159,0.0109757390247722
2.4,0.0106978353232207,0.0108568402897274,0.010596372426875,0.0106072342810296,0.0109165815629845,0.0109972732218606,0.0110414358445285
2.5,0.0107631251179491,0.0109086370091908,0.0106625911286081,0.0106743152694019,0.0109709245984191,0.0110550053420453,0.0111055406970143
2.6,0.0108248620080901,0.0109563632642519,0.010725268709178,0.0107378896457772,0.011021278082876,0.0111104872549913,0.0111697134788655
2.7,0.0108834443621374,0.0110005997826112,0.0107847915930871,0.010798333506829,0.011068210655081,0.0111638868763149,0.0112363782780092
2.8,0.0109392302668566,0.0110418493586587,0.010841508089876,0.0108559865829711,0.0111122141808793,0.0112153943104593,0.0113095410623551
2.9,0.010992541108352,0.0110805481067342,0.0108957317176734,0.0109111553034163,0.0111537146552724,0.011265209369567,0.0113958977296495
3,0.0110436650146986,0.0111170751255452,0.0109477443944042,0.0109641157553402,0.0111930815958682,0.0113135295937914,0.0115010440131039
3.1,0.0110928601073524,0.0111517607580565,0.0109977994515755,0.011015116494851,0.0112306360920279,0.0113605421162764,0.0115860681455199
3.2,0.0111403575282366,0.0111848936295401,0.0110461244428639,0.0110643811815265,0.0112666576780791,0.0114064191959039,0.0115441865313387
3.3,0.0111863642260382,0.0112167266337324,0.011092923733977,0.0111121110207569,0.0113013901904278,0.0114513163953392,0.011476361087682
3.4,0.0112310654979028,0.0112474820194147,0.0111383808709874,0.0111584870082033,0.0113350467538134,0.011495372432012,0.0114696754386023
3.5,0.0112746224395929,0.0112773522441694,0.011182655691834,0.0112036668624643,0.011367810475049,0.0115387069981808,0.0114943453736379
3.6,0.0113171856455431,0.0113065127934197,0.011225898271859,0.0112477990171943,0.0113998472333981,0.0115814293989437,0.0115297789988469
3.7,0.0113588935429057,0.0113351212055337,0.0112682471579269,0.0112910208214041,0.011431304895286,0.0116236374903005,0.0115688144030346
3.8,0.0113998652996891,0.0113633139166783,0.0113098217986457,0.0113334507467144,0.011462309929501,0.0116654139402543,0.0116090228019835
3.9,0.0114402078676098,0.0113912127920544,0.0113507296960306,0.0113751955583295,0.0114929739725649,0.011706831175883,0.0116495248748832
4,0.0114800172984506,0.0114189270238329,0.0113910676581966,0.0114163515277252,0.0115233957379615,0.011747952707148,0.0116899998159942
4.1,0.0115193799155121,0.0114465547429057,0.0114309229183089,0.0114570055184449,0.0115536626538068,0.0117888343159747,0.0117303420203058
4.2,0.0115583733554056,0.0114741843864979,0.0114703741333511,0.011497235957421,0.0115838522703718,0.0118295251084118,0.0117705323814904
4.3,0.0115970674942577,0.0115018958572667,0.0115094922752739,0.0115371137033003,0.0116140334723851,0.0118700684360969,0.0118105866707819
4.4,0.01163552527109,0.0115297615041594,0.0115483414260179,0.0115767028224868,0.0116442675254393,0.011910502697461,0.0118505337870817
4.5,0.0116738034199332,0.0115578469509221,0.0115869794868293,0.0116160612826375,0.0116746089812445,0.0119508620307925,0.0118904063430853
4.6,0.0117119531209947,0.0115862117944711,0.0116254588112655,0.0116552415724324,0.0117051064625368,0.0119911769115269,0.0119302366045217
4.7,0.011750020580107,0.0116149101923968,0.0116638267703166,0.0116942912556023,0.0117358033451801,0.0120314746655822,0.0119700548341442
4.8,0.0117880475446589,0.0116439913563678,0.0117021262571501,0.0117332534663537,0.0117667383522933,0.0120717799096342,0.0120098887350172
4.9,0.0118260717632574,0.0116734999661685,0.0117403961382118,0.0117721673525987,0.0117979460729115,0.0121121149281485,0.0120497633934761
5,0.0118641273955629,0.0117034765173492,0.0117786716566059,0.0118110684726803,0.0118294574157663,0.0121524999958573,0.0120897014392819
5.1,0.0119022453779645,0.0117339576140222,0.0118169847930652,0.0118499891506869,0.0118613000071866,0.0121929536532879,0.0121297232882161
5.2,0.011940453750108,0.011764976217007,0.0118553645891888,0.0118889587948708,0.0118934985407366,0.0122334929420086,0.0121698474032157
5.3,0.0119787779467006,0.0117965618563885,0.0118938374371044,0.0119280041831819,0.011926075085088,0.0122741336053088,0.0122100905447479
5.4,0.0120172410584917,0.0118287408164725,0.0119324273392282,0.0119671497194766,0.0119590493556651,0.0123148902592976,0.0122504679982075
5.5,0.0120558640658684,0.0118615363001161,0.0119711561413867,0.0120064176635756,0.0119924389547926,0.0123557765386669,0.0122909937744966
5.6,0.0120946660481071,0.0118949685784434,0.012010043742179,0.0120458283379675,0.0120262595844027,0.0123968052208068,0.0123316807839881
5.7,0.0121336643709546,0.0119290551310276,0.0120491082811416,0.0120854003136492,0.0120605252347763,0.0124379883314205,0.0123725409858489
5.8,0.0121728748549175,0.0119638107807243,0.0120883663079727,0.0121251505773191,0.0120952483523222,0.0124793372343085,0.01241358551539
5.9,0.0122123119263419,0.0119992478264522,0.0121278329348365,0.0121650946818882,0.0121304399889549,0.0125208627076939,0.0124548247922419
6,0.0122519912211628,0.0120353830295476,0.0121675242773909,0.012205249049868,0.0121661147092776,0.0125625769359905,0.0124962707074229
6.1,0.0122919225146463,0.0120722172965371,0.0122074508894245,0.0122456248232642,0.0122022765343021,0.0126044879641378,0.0125379305832064
6.2,0.0123321167853432,0.0121097561073702,0.0122476243132652,0.0122862339874792,0.0122389330499922,0.0126466051538222,0.01257981317548
6.3,0.0123725840872365,0.0121480029724718,0.0122880551298053,0.0123270875647742,0.0122760909050724,0.0126889374883022,0.0126219268160561
6.4,0.012413333638291,0.012186959578157,0.0123287530488492,0.012368195703596,0.0123137558961965,0.0127314936056359,0.0126642794589698
6.5,0.0124543739002536,0.0122266259346873,0.0123697269907063,0.0124095677592317,0.0123519330444751,0.0127742818268221,0.0127068787195642
6.6,0.0124957126505821,0.0122670005259659,0.0124109851599195,0.0124512123666914,0.0123906266643217,0.0128173101796169,0.0127497319074576
6.7,0.012537357047316,0.0123080804596206,0.0124525351119021,0.0124931375065575,0.0124298404254779,0.0128605864186969,0.012792846054372
6.8,0.0125793136875909,0.0123498616161132,0.0124943838131806,0.0125353505645244,0.0124695774089477,0.0129041180427352,0.0128362279376145
6.9,0.0126215886604415,0.0123923387953925,0.0125365376958907,0.0125778583852226,0.0125098401575126,0.0129479123088669,0.0128798840999023
7,0.0126641875944619,0.0124355058596847,0.0125790027070689,0.0126206673209113,0.0125506307213981,0.012991976244971,0.0129238208661076
7.1,0.0127071157008258,0.0124793558710493,0.012621784353242,0.0126637832755056,0.0125919506996141,0.0130363166601087,0.0129680443574093
7.2,0.0127503778121213,0.0125238812224969,0.0126648877407816,0.0127072117444125,0.0126338012774133,0.0130809401534266,0.0130125605032612
7.3,0.0127939784174147,0.0125690737616115,0.0127083176124141,0.0127509578505571,0.0126761832602699,0.0131258531217787,0.0130573750515315
7.4,0.0128379216939058,0.012614924905839,0.0127520783802539,0.0127950263769815,0.0127190971047452,0.0131710617662925,0.0131024935770981
7.5,0.0128822115355019,0.0126614257487962,0.0127961741556863,0.0128394217963202,0.0127625429465455,0.0132165720980447,0.0131479214891563
7.6,0.0129268515785935,0.0127085671571772,0.0128406087764049,0.0128841482974552,0.0128065206260605,0.0132623899430257,0.0131936640374416
7.7,0.0129718452253291,0.0127563398580425,0.0128853858308437,0.0129292098096171,0.0128510297116313,0.0133085209465096,0.0132397263175501
7.8,0.0130171956645883,0.012804734516444,0.0129305086802811,0.0129746100241644,0.0128960695207733,0.0133549705769537,0.0132861132755002
7.9,0.0130629058908933,0.0128537418035494,0.0129759804787879,0.0130203524142607,0.0129416391395515,0.0134017441295003,0.0133328297116643
8,0.0131089787214485,0.0129033524555382,0.0130218041912533,0.013066440252634,0.0129877374402904,0.0134488467291834,0.013379880284174
8.1,0.0131554168114796,0.0129535573236798,0.0130679826096482,0.0131128766276165,0.0130343630977734,0.0134962833338783,0.0134272695118916
8.2,0.0132022226680175,0.01300434741611,0.0131145183676707,0.013159664457592,0.013081514604076,0.0135440587370779,0.0134750017770151
8.3,0.0132493986623072,0.0130557139318847,0.0131614139539553,0.0132068065040188,0.0131291902821676,0.013592177570507,0.0135230813273947
8.4,0.0132969488768175,0.0131076510304811,0.013208673510333,0.0132543071445389,0.0131773908492041,0.0136406460332381,0.0135715140207138
8.5,0.0133448754726429,0.0131601502504793,0.0132562993002896,0.0133021688947369,0.013226114295859,0.0136894685009237,0.0136203038977308
8.6,0.0133931786474247,0.0132132007250616,0.0133042916651126,0.013350392358198,0.0132753559447122,0.0137386474245271,0.013669453088262
8.7,0.0134418603269157,0.0132667946330306,0.0133526526176411,0.0133989797715385,0.0133251135540583,0.0137881868088039,0.0137189653179805
8.8,0.0134909223463987,0.0133209244211286,0.0134013840742167,0.013447933262497,0.0133753847664502,0.0138380905087108,0.0137688441868913
8.9,0.0135403664569742,0.0133755828051865,0.0134504878614649,0.0134972548566826,0.0134261671168802,0.0138883622316612,0.0138190931706944
9,0.0135901943311259,0.013430762768018,0.0134999657223257,0.0135469464835905,0.0134774580403274,0.0139390055397604,0.0138697156220709
9.1,0.0136404075676529,0.0134864575545934,0.0135498193213969,0.0135970099819471,0.0135292548787285,0.0139900238520264,0.0139207147719252
9.2,0.0136910076960049,0.0135426606649765,0.0136000502496439,0.0136474471044522,0.0135815548874064,0.0140414204465955,0.0139720937305749
9.3,0.0137419961800861,0.0135993658454638,0.0136506600285485,0.0136982595219596,0.013634355241011,0.0140931984629142,0.0140238554889123
9.4,0.0137933744215693,0.0136565670783276,0.0137016501137257,0.0137494488271653,0.0136876530390167,0.0141453609039091,0.014076002919538
9.5,0.0138451437627706,0.013714258570507,0.0137530218980667,0.013801016537829,0.0137414453108023,0.0141979106381468,0.0141285387778767
9.6,0.013897305489123,0.0137724347415429,0.0138047767144532,0.013852964099579,0.0137957290203561,0.014250850401967,0.0141814657032788
9.7,0.0139498608312761,0.0138310902110428,0.0138569158380759,0.0139052928883416,0.0138505010706289,0.0143041828015781,0.0142347862201078
9.8,0.0140028109668757,0.0138902197858775,0.0139094404883813,0.0139580042124232,0.0139057583075721,0.0143579103151404,0.01428850273883
9.9,0.0140561570220346,0.0139498184473138,0.0139623518307116,0.0140110993142773,0.0139614975238694,0.0144120352947986,0.0143426175570896
10,0.0141099000725295,0.0140098813382388,0.0140156509776219,0.0140645793719909,0.0140177154624076,0.0144665599686808,0.0143971328607871
10.1,0.0141640411447479,0.0140704037505993,0.0140693389899451,0.0141184455005024,0.0140744088194902,0.0145214864428494,0.0144520507251588
10.2,0.0142185812164129,0.0141313811131774,0.0141234168775907,0.0141726987525925,0.0141315742478109,0.0145768167032044,0.0145073731158485
10.3,0.014273521217102,0.0141928089797591,0.0141778856001373,0.0142273401196554,0.0141892083592277,0.0146325526173342,0.0145631018899859
10.4,0.0143288620285776,0.0142546830177888,0.014232746067202,0.01428237053228,0.0142473077273234,0.0146886959363057,0.0146192387972645
10.5,0.0143846044849516,0.0143169989975191,0.0142879991386369,0.0143377908606503,0.014305868889788,0.0147452482963985,0.0146757854810151
10.6,0.0144407493726958,0.0143797527817323,0.0143436456245474,0.0143936019147877,0.0143648883506268,0.0148022112207705,0.0147327434792889
10.7,0.0144972974305177,0.0144429403160076,0.01439968628516,0.0144498044446456,0.0144243625822192,0.0148595861210571,0.0147901142259277
10.8,0.0145542493491045,0.0145065576195784,0.0144561218305546,0.0145063991400876,0.0144842880272181,0.0149173742989083,0.0148478990516477
10.9,0.0146116097422741,0.0145706049142905,0.0145129568040922,0.0145633904872165,0.0145446654537772,0.0149755810215026,0.014906103267766
11,0.0146693752424537,0.0146350741307398,0.0145701879411466,0.0146207752084207,0.0146054868268952,0.0150342033196556,0.014964723939094
11.1,0.0147275463922868,0.014699961461157,0.0146278157970396,0.0146785538101977,0.0146667485095086,0.0150932421705837,0.0150237620905954
11.2,0.0147861236843451,0.0147652631402782,0.0146858408746911,0.0147367267377141,0.0147284468412324,0.015152698446971,0.0150832186484255
11.3,0.0148451075604187,0.0148309754389802,0.0147442636238196,0.0147952943742847,0.0147905781396679,0.0152125729181473,0.0151430944409852
11.4,0.0149044984107292,0.0148970946584409,0.0148030844400756,0.0148542570407732,0.0148531387016367,0.0152728662511761,0.0152033901999719
11.5,0.0149642965730956,0.0149636171247588,0.0148623036641095,0.0149136149949448,0.0149161248042972,0.0153335790118794,0.0152641065614239
11.6,0.015024502332034,0.0150305391840431,0.0149219215805746,0.0149733684307483,0.0149795327062079,0.0153947116657889,0.0153252440667517
11.7,0.0150851159178281,0.0150978571979198,0.0149819384170856,0.0150335174775542,0.0150433586483024,0.0154562645790339,0.0153868031637569
11.8,0.0151461375055394,0.0151655675394501,0.0150423543431235,0.015094062199357,0.0151075988548006,0.0155182380191443,0.015448784207647
11.9,0.015207567214001,0.0152336665894264,0.0151031694689016,0.0151550025939258,0.0151722495340578,0.0155806321558091,0.0155111874620279
12,0.0152694051047622,0.0153021507330236,0.0151643838442003,0.0152163385919338,0.015237306879351,0.0156434470615458,0.0155740130998832
12.1,0.0153316511810182,0.0153710163567802,0.0152259974571651,0.0152780700560532,0.0153027670696111,0.0157066827123313,0.0156372612045428
12.2,0.0153943053865114,0.0154402598458946,0.0152880102330815,0.0153401967800274,0.0153686262701131,0.0157703389881525,0.0157009317706226
12.3,0.0154573676044097,0.0155098775818016,0.0153504220331301,0.0154027184877211,0.0154348806331073,0.0158344156735063,0.0157650247049613
12.4,0.0155208376561788,0.0155798659400166,0.0154132326531178,0.0154656348321587,0.0155015262984196,0.015898912457851,0.0158295398275193
12.5,0.0155847153004255,0.0156502212882294,0.0154764418222017,0.0155289453945442,0.0155685593940057,0.015963828935987,0.0158944768722672
12.6,0.0156490002317469,0.0157209399846234,0.0155400492015981,0.0155926496832727,0.0156359760364745,0.0160291646084009,0.0159598354880548
12.7,0.0157136920795553,0.0157920183764017,0.0156040543832839,0.0156567471329409,0.015703772331571,0.0160949188815585,0.0160256152394406
12.8,0.0157787904069157,0.0158634527985103,0.0156684568886929,0.0157212371033443,0.0157719443746369,0.0161610910681403,0.0160918156075148
12.9,0.0158442947093583,0.0159352395725368,0.0157332561674181,0.0157861188784785,0.0158404882510435,0.0162276803872526,0.0161584359906832
13,0.0159102044137143,0.0160073750057733,0.0157984515959004,0.0158513916655493,0.015909400036589,0.0162946859645731,0.0162254757054324
13.1,0.0159765188769316,0.0160798553904251,0.0158640424761342,0.0159170545939659,0.0159786757978912,0.0163621068324809,0.0162929339870608
13.2,0.0160432373849036,0.0161526770029601,0.0159300280343766,0.0159831067143698,0.0160483115927416,0.0164299419301308,0.01636080999039
13.3,0.0161103611238781,0.0162258377395253,0.0159964093458548,0.016049548894996,0.0161183051965465,0.0164981921222972,0.0164291048286564
13.4,0.0161778892206822,0.0162993337892161,0.0160631854669612,0.0161163800088365,0.0161886525932502,0.0165668561424756,0.0164978174821077
13.5,0.0162458187622463,0.0163731597240813,0.0161303534563275,0.0161835969593814,0.0162593480708162,0.016635930622869,0.0165669448227941
13.6,0.0163141487364889,0.0164473117529526,0.0161979122222044,0.0162511984701647,0.0163303876548029,0.0167054141272545,0.0166364856878876
13.7,0.0163828780544911,0.0165217860673375,0.0162658605907724,0.0163191831811691,0.0164017673635209,0.016775305126112,0.0167064388371748
13.8,0.01645200554938,0.0165965788413564,0.0163341973049354,0.0163875496479299,0.0164734832083024,0.0168456019965274,0.0167768029535767
13.9,0.0165215299752292,0.0166716862317708,0.0164029210231337,0.0164562963406555,0.0165455311937733,0.0169163030220734,0.0168475766436418
14,0.0165914500059815,0.0167471043780696,0.0164720303181894,0.0165254216433871,0.016617907318102,0.0169874063926733,0.0169187584379918
14.1,0.0166617642343841,0.0168228294026105,0.016541523676172,0.0165949238531689,0.016690607573258,0.0170589102044444,0.0169903467917516
14.2,0.0167324711709487,0.0168988574108236,0.0166113994952897,0.0166648011792615,0.016763627945251,0.017130812459524,0.0170623400849338
14.3,0.0168035692429338,0.0169751844914505,0.0166816560848184,0.0167350517423725,0.0168369644143726,0.0172031110658921,0.0171347366228005
14.4,0.0168750567933452,0.0170518067168274,0.0167522916640567,0.0168056735739322,0.0169106129554325,0.0172758038371676,0.0172075346361831
14.5,0.0169469320799662,0.0171287201432156,0.0168233043613172,0.0168766646153939,0.0169845695379867,0.0173488884924103,0.0172807322817751
14.6,0.0170191932744203,0.0172059208111565,0.0168946922129548,0.0169480227175797,0.0170588301265731,0.0174223626559116,0.017354327642391
14.7,0.0170918384612483,0.0172834047458626,0.0169664531624299,0.0170197456400576,0.0171333906809342,0.0174962238569741,0.0174283187271937
14.8,0.0171648656370261,0.0173611679576306,0.0170385850594167,0.0170918310505638,0.017208247156245,0.017570469529701,0.017502703471891
14.9,0.0172382727095178,0.0174392064422834,0.0171110856589523,0.0171642765244681,0.0172833955033386,0.0176450970127836,0.0175774797389015
15,0.0173120574968466,0.0175175161816326,0.017183952620622,0.0172370795442811,0.0173588316689332,0.0177201035492856,0.0176526453174802
15.1,0.0173862177267188,0.0175960931439624,0.0172571835078055,0.0173102374992098,0.0174345515958525,0.0177954862864453,0.0177281979238327
15.2,0.0174607510356712,0.0176749332845186,0.0173307757869604,0.0173837476847657,0.0175105512232606,0.0178712422754811,0.0178041352011852
15.3,0.0175356549683676,0.017754032546032,0.0174047268269574,0.0174576073024119,0.0175868264868808,0.0179473684714055,0.0178804547198304
15.4,0.0176109269769256,0.0178333868592363,0.0174790338984711,0.0175318134592796,0.0176633733192245,0.0180238617328609,0.0179571539771445
15.5,0.0176865644202946,0.0179129921434106,0.0175536941734252,0.0176063631679252,0.0177401876498327,0.0181007188219725,0.0180342303975866
15.6,0.0177625645636707,0.0179928443069202,0.0176287047244891,0.017681253346153,0.0178172654054926,0.0181779364042187,0.0181116813326554
15.7,0.0178389245779657,0.0180729392477749,0.0177040625246402,0.0177564808168885,0.0178946025104844,0.0182555110483267,0.0181895040608421
15.8,0.0179156450095376,0.0181532751540392,0.0177797677892494,0.017832045550197,0.0179721973498552,0.0183334426570793,0.0182676993773724
15.9,0.0179927193092026,0.0182338455254356,0.0178558138843803,0.0179079408705014,0.0180500433020277,0.0184117241030729,0.0183462607680745
16,0.0180701443595565,0.0183146462320651,0.0179321974790396,0.0179841633132884,0.0181281362851307,0.0184903516617058,0.0184251852897535
16.1,0.0181479169472413,0.0183956731359713,0.0180089151413958,0.0180607093193103,0.0182064722157535,0.0185693215115118,0.0185044699257476
16.2,0.0182260337626738,0.0184769220917176,0.0180859633386612,0.0181375752347783,0.018285047009189,0.0186486297342253,0.0185841115857756
16.3,0.0183044913998152,0.0185583889469702,0.0181633384370493,0.0182147573116358,0.01836385657969,0.0187282723148855,0.0186641071057587
16.4,0.0183832863560129,0.0186400695430754,0.0182410367018049,0.0182922517078915,0.0184428968407213,0.0188082451419907,0.0187444532476354
16.5,0.0184624150318988,0.0187219597156488,0.0183190542972964,0.0183700544880376,0.0185221637052137,0.0188885440076908,0.0188251466991645
16.6,0.0185418737313418,0.0188040552951569,0.0183973872872043,0.0184481616235376,0.0186016530858307,0.0189691646080444,0.0189061840737184
16.7,0.0186216586614776,0.0188863521074943,0.0184760316347725,0.018526568993379,0.0186813608952227,0.0190501025433188,0.0189875619100663
16.8,0.0187017659327934,0.018968845974575,0.0185549832031435,0.018605272384721,0.0187612830462997,0.0191313533183533,0.019069276672156
16.9,0.0187821915592809,0.0190515327149059,0.0186342377557814,0.0186842674936006,0.018841415452498,0.0192129123429768,0.0191513247488975
17,0.0188629314586642,0.0191344081441707,0.0187137909569648,0.0187635499257392,0.0189217540280534,0.0192947749324908,0.0192337024539327
17.1,0.0189439814526944,0.0192174680758066,0.01879363837238,0.0188431151974073,0.0190022946882774,0.0193769363082221,0.0193164060254277
17.2,0.0190253372675134,0.0193007083215763,0.0188737754697885,0.0189229587363868,0.0190830333498322,0.0194593915981288,0.0193994316258477
17.3,0.0191069945340967,0.0193841246921426,0.0189541976197882,0.0190030758830072,0.0191639659310156,0.0195421358374912,0.0194827753417603
17.4,0.0191889487887686,0.0194677129976446,0.0190349000966629,0.0190834618912696,0.0192450883520466,0.0196251639696647,0.0195664331836365
17.5,0.019271195473795,0.0195514690482512,0.0191158780793211,0.0191641119300511,0.0193263965353471,0.0197084708469064,0.019650401085667
17.6,0.0193537299380506,0.0196353886547406,0.0191971266523253,0.0192450210843918,0.019407886405837,0.019792051231291,0.019734674905605
17.7,0.0194365474377772,0.0197194676290446,0.0192786408070183,0.0193261843568759,0.0194895538912243,0.0198758997956836,0.0198192504246071
17.8,0.0195196431374025,0.0198037017848226,0.0193604154427392,0.0194075966690836,0.0195713949222971,0.0199600111248118,0.0199041233471237
17.9,0.0196030121104599,0.0198880869380014,0.0194424453681328,0.0194892528631444,0.0196534054332346,0.0200443797164057,0.0199892893007906
18,0.0196866493405822,0.0199726189073322,0.0195247253025591,0.0195711477033584,0.0197355813618881,0.0201289999824294,0.0200747438363625
18.1,0.0197705497225809,0.0200572935149365,0.0196072498775968,0.0196532758779216,0.0198179186500997,0.020213866250396,0.0201604824276772
18.2,0.0198547093022581,0.020142107245147,0.0196900147839877,0.0197356330913779,0.0199004139952535,0.020298973913853,0.0202465018185949
18.3,0.0199391227229947,0.020227055868377,0.019773014401559,0.019818213805454,0.0199830632897423,0.0203843170503498,0.0203327972605431
18.4,0.0200237833540466,0.0203121345418908,0.0198562419342283,0.0199010113723148,0.0200658617186188,0.0204698885633971,0.0204193626251101
18.5,0.0201086857451136,0.0203973391068343,0.0199396916771692,0.0199840201927157,0.0201488052428898,0.0205556824553979,0.0205061930766563
18.6,0.0201938243638198,0.0204826654104081,0.0200233578468122,0.0200672346012403,0.0202318898291009,0.0206416926522461,0.0205932837030272
18.7,0.0202791935973071,0.0205681093063956,0.0201072345829283,0.0201506488685201,0.0203151114496524,0.0207279130051679,0.0206806295157769
18.8,0.0203647877539317,0.0206536666556727,0.0201913159508115,0.0202342572035419,0.0203984660831192,0.0208143372926638,0.0207682254504427
18.9,0.0204506010650402,0.0207393333267239,0.0202755959435575,0.0203180537560334,0.0204819497145647,0.0209009592225338,0.0208560663668791
19,0.0205366276868359,0.02082510519615,0.0203600684844404,0.0204020326189283,0.0205655583358608,0.0209877724339933,0.0209441470496552
19.1,0.0206228617023357,0.0209109781491718,0.0204447274293707,0.0204861878309016,0.0206492879460092,0.0210747704998847,0.0210324622085088
19.2,0.0207092971234113,0.0209969480801294,0.0205295665694613,0.0205705133789932,0.0207331345514678,0.0211619469289711,0.0211210064788755
19.3,0.0207959278929191,0.0210830108929778,0.0206145796336752,0.0206550032012922,0.0208170941664628,0.0212492951683264,0.0212097744224807
19.4,0.0208827478869172,0.0211691625017776,0.0206997602915661,0.0207396511896984,0.0209011628133256,0.0213368086058116,0.0212987605280109
19.5,0.0209697509169678,0.0212553988311826,0.0207851021561041,0.0208244511927555,0.0209853365228082,0.0214244805726353,0.021387959211854
19.6,0.0210569307325282,0.0213417158169169,0.0208705987865961,0.0209093970185463,0.0210696113344169,0.0215123043460093,0.0214773648189283
19.7,0.0211442810234171,0.0214281094062627,0.0209562436916799,0.0209944824376564,0.021153983296731,0.0216002731518771,0.0215669716235791
19.8,0.0212317954223779,0.0215145755585223,0.021042030332407,0.0210797011861963,0.0212384484677368,0.0216883801677419,0.0216567738305723
19.9,0.0213194675077084,0.0216011102454939,0.0211279521254027,0.0211650469688849,0.0213230029151558,0.0217766185255631,0.021746765576169
20,0.0214072908059827,0.021687709451934,0.0212140024461057,0.0212505134621909,0.0214076427167665,0.0218649813147391,0.0218369409292909
20.1,0.0214952587948457,0.0217743691760172,0.0213001746320808,0.0213360943175223,0.0214923639607406,0.0219534615851739,0.0219272938927745
20.2,0.0215833649058832,0.0218610854297944,0.0213864619863994,0.0214217831644708,0.0215771627459705,0.0220420523504036,0.0220178184047271
20.3,0.0216716025275702,0.0219478542396416,0.0214728577810963,0.0215075736141013,0.0216620351823945,0.0221307465908151,0.0221085083399681
20.4,0.0217599650082975,0.0220346716467077,0.0215593552606856,0.0215934592622842,0.0217469773913344,0.0222195372569276,0.0221993575115805
20.5,0.021848445659446,0.0221215337073582,0.0216459476457367,0.0216794336930672,0.0218319855058155,0.0223084172727384,0.0222903596725564
20.6,0.0219370377585634,0.0222084364936157,0.0217326281365138,0.0217654904820842,0.0219170556709103,0.0223973795391393,0.0223815085175488
20.7,0.022025735513171,0.0222953764166742,0.0218193906473219,0.0218516238819539,0.0220021845775208,0.0224864176047156,0.0224727989981629
20.8,0.0221145310514099,0.0223823491834857,0.0219062274867782,0.0219378266562371,0.0220873677889081,0.0225755235298715,0.0225642232602172
20.9,0.0222034175682945,0.0224693509161176,0.0219931318164273,0.0220240923762324,0.0221726014886105,0.02266469016703,0.0226557748334809
21,0.0222923882383825,0.0225563777540174,0.0220800967926994,0.0221104146188729,0.0222578818735362,0.0227539103598878,0.0227474471975378
21.1,0.022381436219229,0.0226434258544317,0.0221671155707819,0.0221967869702523,0.0223432051542889,0.0228431769471135,0.0228392337840906
21.2,0.0224705546548891,0.0227304913928189,0.0222541813085197,0.0222832030291731,0.0224285675555022,0.0229324827660843,0.0229311279793668
21.3,0.022559736679482,0.0228175705632614,0.0223412871703455,0.0223696564106919,0.0225139653161584,0.0230218206566516,0.0230231231266508
21.4,0.0226489754207716,0.0229046595788676,0.0224284263312322,0.0224561407496718,0.0225993946899252,0.023111183464958,0.0231152125289325
21.5,0.0227382640038125,0.0229917546721674,0.0225155919806627,0.0225426497043347,0.0226848519454744,0.0232005640472687,0.0232073894516749
21.6,0.0228275955546129,0.0230788520955198,0.0226027773266176,0.0226291769598095,0.0227703333668113,0.0232899552738405,0.0232996471256911
21.7,0.0229169632038334,0.0231659481214962,0.0226899755995666,0.0227157162316602,0.0228558352535996,0.0233793500328011,0.0233919787501642
21.8,0.0230063600905198,0.0232530390432732,0.0227771800564652,0.0228022612694137,0.0229413539214891,0.0234687412340516,0.0234843774957801
21.9,0.0230957793658444,0.0233401211750142,0.0228643839847531,0.0228888058600564,0.0230268857024307,0.0235581218131737,0.0235768365079799
22,0.0231852141968773,0.0234271908522521,0.0229515807063355,0.0229753438315156,0.0231124269450091,0.0236474847353442,0.0236693489103579
22.1,0.0232746577703659,0.0235142444322647,0.0230387635815669,0.0230618690561031,0.0231979740147547,0.0237368229992461,0.0237619078081763
22.2,0.0233641032965274,0.0236012782944453,0.0231259260132002,0.0231483754539386,0.0232835232944735,0.0238261296409807,0.0238545062920172
22.3,0.0234535440128367,0.0236882888406737,0.0232130614503321,0.0232348569963277,0.0233690711845628,0.0239153977379616,0.023947137441575
22.4,0.0235429731878289,0.0237752724956782,0.0233001633922982,0.0233213077090961,0.0234546141033246,0.0240046204127906,0.0240397943295764
22.5,0.0236323841248839,0.0238622257073995,0.0233872253925567,0.0234077216758881,0.0235401484872922,0.0240937908371146,0.0241324700258516
22.6,0.0237217701660098,0.0239491449473406,0.0234742410625163,0.0234940930414081,0.0236256707915408,0.0241829022354562,0.0242251576015429
22.7,0.0238111246956099,0.0240360267109279,0.0235612040753278,0.0235804160146071,0.023711177490004,0.0242719478889957,0.0243178501334665
22.8,0.0239004411442243,0.0241228675178532,0.0236481081696233,0.0236666848718113,0.0237966650757885,0.0243609211393342,0.0244105407086251
22.9,0.023989712992261,0.0242096639124221,0.0237349471532063,0.0237528939597965,0.0238821300614806,0.0244498153921853,0.0245032224288694
23,0.0240789337736897,0.0242964124638938,0.0238217149066707,0.0238390376987814,0.0239675689794682,0.0245386241210331,0.0245958884157293
23.1,0.024168096766815,0.0243831094990259,0.0239084049789205,0.0239251102114365,0.0240529782207543,0.0246273403885421,0.0246885316712212
23.2,0.0242571955330401,0.024469751589616,0.023995011321938,0.0240111059965405,0.0241383543091103,0.0247159577235389,0.0247811452734568
23.3,0.0243462240730925,0.0245563356340836,0.0240815284376015,0.02409702006218,0.0242236939837666,0.0248044702778968,0.0248737225461393
23.4,0.0244351761734238,0.024642858305594,0.0241679505351262,0.0241828471534039,0.0243089938599811,0.0248928718338141,0.0249662567424913
23.5,0.0245240456920526,0.0247293163039232,0.0242542719136985,0.0242685821026787,0.0243942505743487,0.0249811562586197,0.0250587411623453
23.6,0.0246128265619843,0.0248157063557851,0.0243404869656386,0.024354219832415,0.0244794607851117,0.0250693175079622,0.0251511691580483
23.7,0.024701512794568,0.0249020252151391,0.0244265901794597,0.0244397553574028,0.0245646211724534,0.0251573496289096,0.0252435341405529
23.8,0.0247900984827885,0.0249882696634989,0.0245125761428475,0.0245251837871443,0.0246497284387997,0.0252452467629474,0.0253358295857192
23.9,0.0248785778044915,0.0250744365102502,0.0245984395455238,0.0246105003280981,0.024734779309124,0.0253330031488619,0.0254280490408098
24,0.0249669450255246,0.0251605225929443,0.0246841751820105,0.0246957002858257,0.0248197705312288,0.0254206131255096,0.0255201861311951
24.1,0.0250551945028107,0.0252465247776049,0.0247697779542902,0.0247807790670253,0.0249046988760525,0.0255080711344617,0.0256122345672486
24.2,0.0251433206873309,0.0253324399590182,0.0248552428743397,0.0248657321814762,0.0249895611379562,0.0255953717225185,0.025704188151453
24.3,0.025231318127016,0.0254182650610349,0.0249405650665685,0.0249505552438707,0.0250743541350153,0.0256825095440873,0.02579604078568
24.4,0.0253191814695596,0.0255039970368493,0.0250257397701237,0.0250352439755357,0.0251590747093111,0.0257694793634194,0.0258877864786527
24.5,0.0254069054651252,0.0255896328692902,0.0251107623410742,0.0251197942060541,0.0252437197272129,0.025856276056692,0.0259794193535526
24.6,0.0254944849689615,0.025675169571106,0.0251956282544843,0.0252042018747633,0.0253282860796706,0.0259428946139377,0.026070933655758
24.7,0.0255819149439102,0.0257606041852388,0.0252803331063467,0.0252884630321593,0.0254127706824925,0.0260293301408022,0.0261623237606566
24.8,0.0256691904628184,0.0258459337851008,0.0253648726153948,0.0253725738411636,0.0254971704766314,0.0261155778601389,0.0262535841814885
24.9,0.0257563067108342,0.0259311554748474,0.0254492426247825,0.0254565305783067,0.0255814824284621,0.0262016331134132,0.0263447095771463
25,0.0258432589875957,0.0260162663896459,0.0255334391036345,0.0255403296347664,0.0256657035300635,0.0262874913619263,0.0264356947598435
25.1,0.0259300427093048,0.0261012636959367,0.0256174581484621,0.0256239675173147,0.025749830799491,0.0263731481878368,0.0265265347025437
25.2,0.0260166534106929,0.0261861445917006,0.025701295984444,0.025707440849137,0.0258338612810531,0.0264585992949763,0.0266172245460045
25.3,0.0261030867468587,0.0262709063067137,0.0257849489665703,0.0257907463705406,0.0259177920455869,0.0265438405094566,0.0267077596052573
25.4,0.0261893384949893,0.0263555461027989,0.0258684135806623,0.0258738809395467,0.0260016201907224,0.0266288677800369,0.026798135375349
25.5,0.0262754045559658,0.0264400612740853,0.0259516864442351,0.0259568415323669,0.0260853428411582,0.0267136771782631,0.0268883475360638
25.6,0.0263612790589725,0.0265244478735698,0.026034762365125,0.0260396234825044,0.0261689560593403,0.026798262689193,0.026978390272428
25.7,0.0264469599818768,0.0266087044842501,0.0261176401110361,0.0261222257134578,0.0262524580607744,0.0268826227699697,0.0270682612530764
25.8,0.0265324436086403,0.0266928284995764,0.0262003167022597,0.0262046455611005,0.0263358460537482,0.0269667538621564,0.027157956730992
25.9,0.0266177263521115,0.0267768173462789,0.0262827892929264,0.026286880480267,0.0264191172746828,0.0270506525279559,0.0272474731460685
26,0.0267028047549952,0.0268606684846092,0.0263650551712073,0.0263689280446537,0.0265022689883907,0.0271343154489226,0.027336807119388
26.1,0.0267876754906822,0.0269443794085634,0.0264471117593598,0.0264507859466279,0.0265852984883326,0.0272177394243458,0.0274259554440719
26.2,0.0268723353639663,0.0270279476461172,0.0265289566136583,0.0265324519969087,0.0266682030968776,0.0273009213692651,0.0275149150721489
26.3,0.0269567813116258,0.0271113707594496,0.0266105874241846,0.0266139241241619,0.0267509801655507,0.0273838583121068,0.0276036830969625
26.4,0.0270410104028749,0.02719464634516,0.0266920020144937,0.0266952003744674,0.0268336270752867,0.0274665473918871,0.0276922567306196
26.5,0.0271250198396924,0.0272777720344917,0.02677319834115,0.026776278910708,0.0269161412366819,0.0275489858549736,0.0277806332760861
26.6,0.0272088069570183,0.0273607454935463,0.0268541744931402,0.0268571580118429,0.0269985200902363,0.0276311710513374,0.0278688100936791
26.7,0.0272923692228274,0.0274435644234949,0.0269349286911642,0.0269378360720826,0.0270807611066048,0.0277131004302747,0.0279567845618633
26.8,0.0273757042380759,0.0275262265607863,0.0270154592867984,0.0270183115999788,0.027162861786835,0.0277947715355091,0.0280445540325592
26.9,0.0274588097365216,0.0276087296773556,0.0270957647615543,0.0270985832174114,0.027244819662616,0.0278761819996481,0.0281321157814641
27,0.0275416835844266,0.0276910715808247,0.0271758437258119,0.027178649658487,0.0273266322965085,0.0279573295378821,0.0282194669543361
27.1,0.0276243237801319,0.0277732501147032,0.0272556949176409,0.0272585097683539,0.0274082972821896,0.0280382119408709,0.0283066045106088
27.2,0.02770672845352,0.0278552631585844,0.0273353172015246,0.0273381625019251,0.0274898122446873,0.0281188270666771,0.0283935251662482
27.3,0.0277888958653473,0.0279371086283393,0.0274147095669615,0.0274176069225226,0.027571174840608,0.0281991728316609,0.0284802253382446
27.4,0.0278708244064811,0.0280187844763054,0.0274938711269804,0.027496842200443,0.0276523827583749,0.0282792472001625,0.0285667010936149
27.5,0.0279525125970001,0.028100288691478,0.0275728011165469,0.0275758676114492,0.0277334337184527,0.0283590481728035,0.0286529481061542
27.6,0.0280339590852029,0.0281816192996898,0.0276514988908795,0.0276546825351774,0.0278143254735784,0.0284385737732267,0.0287389616243814
27.7,0.0281151626464979,0.0282627743637956,0.0277299639236721,0.0277332864534918,0.0278950558089817,0.0285178220329747,0.0288247364541106
27.8,0.0281961221821886,0.02834375198385,0.0278081958052318,0.0278116789487536,0.0279756225426132,0.0285967909742674,0.0289102669587561
27.9,0.0282768367181643,0.0284245502972807,0.0278861942405329,0.0278898597020437,0.028056023525361,0.0286754785902743,0.028995547079886
28,0.0283573041947164,0.0285051665823909,0.0279639579015591,0.0279678274516232,0.0281362558081786,0.0287538814229055,0.0290805690876005
28.1,0.0284375238737627,0.0285855990266404,0.0280414867169823,0.0280455820699157,0.0282163172789328,0.0288319973035316,0.0291653261281477
28.2,0.0285174963546877,0.0286658467697613,0.0281187818716128,0.0281231245645258,0.0282962067126766,0.0289098253733141,0.0292498124744052
28.3,0.0285972211499031,0.0287459081014598,0.0281958435110112,0.0282004549949023,0.0283759220951925,0.0289873632395501,0.0293340210185669
28.4,0.0286766978883278,0.0288257813496536,0.0282726718844704,0.02827757350937,0.0284554614462804,0.0290646083236982,0.0294179446503983
28.5,0.028755926313519,0.0289054648806319,0.0283492673426459,0.0283544803430298,0.0285348228199742,0.0291415578128987,0.0295015763849017
28.6,0.0288349062817298,0.0289849570992085,0.0284256303351363,0.0284311758156247,0.0286140043047392,0.0292182086027788,0.0295849094927413
28.7,0.0289136377598839,0.0290642564488745,0.0285017614080164,0.0285076603293594,0.0286930040236878,0.0292945572295554,0.0296679376270372
28.8,0.0289921208234808,0.0291433614119509,0.0285776612013163,0.0285839343666978,0.0287718201347729,0.0293705997889875,0.0297506549403203
28.9,0.029070355654439,0.0292222705097247,0.0286533304464617,0.0286599984881181,0.0288504508309916,0.0294463318390167,0.0298330561862166
29,0.0291483425388647,0.0293009823026018,0.0287287699636791,0.0287358533298598,0.0289288943405824,0.0295217482820278,0.0299151368015325
29.1,0.0292260818647751,0.0293794953902487,0.0288039806593663,0.0288114996016221,0.0290071489272257,0.0295968432214989,0.0299968929658717
29.2,0.0293035741197447,0.0294578084117181,0.0288789635234258,0.0288869380842667,0.0290852128902295,0.0296716097861466,0.0300783216374953
29.3,0.0293808198885186,0.0295359200455947,0.0289537196265859,0.0289621696274876,0.0291630845647317,0.0297460399125265,0.0301594205656461
29.4,0.0294578198505685,0.0296138290101243,0.0290282501176847,0.0290371951474746,0.0292407623218807,0.0298201240740284,0.0302401882809457
29.5,0.0295345747776008,0.0296915340633428,0.029102556220947,0.0291120156245602,0.0293182445690289,0.0298938509400134,0.0303206240665392
29.6,0.029611085531032,0.0297690340031996,0.0291766392332428,0.0291866321008672,0.029395529749918,0.029967206943011,0.0304007279134056
29.7,0.0296873530594236,0.0298463276676863,0.0292505005213386,0.0292610456779444,0.0294726163448623,0.0300401757235284,0.0304805004636375
29.8,0.0297633783958783,0.0299234139349546,0.0293241415191323,0.0293352575144,0.0295495028709283,0.0301127374099392,0.030559942945569
29.9,0.0298391626554183,0.0300002917234326,0.0293975637248989,0.0294092688235388,0.0296261878821164,0.0301848676732679,0.0306390571044012
30,0.0299147070323264,0.0300769599919481,0.0294707686985257,0.0294830808710074,0.0297026699695407,0.0302565364701969,0.0307178451315797
30.1,0.0299900127974766,0.0301534177398299,0.0295437580587563,0.0295566949724323,0.0297789477616,0.0303277063475585,0.0307963095956515
30.2,0.0300650812956338,0.0302296640070275,0.0296165334804356,0.0296301124910814,0.0298550199241547,0.0303983301192412,0.0308744533767157
30.3,0.0301399139427551,0.0303056978742146,0.0296890966917793,0.0297033348355285,0.0299308851606959,0.0304683476277239,0.0309522796059956
30.4,0.0302145122232634,0.0303815184628906,0.029761449471633,0.0297763634573293,0.0300065422125183,0.0305376811420889,0.0310297916115426
30.5,0.0302888754204374,0.0304571228285501,0.0298335916197776,0.0298491979789505,0.0300819877943814,0.0306062196789476,0.031106989858793
30.6,0.0303630074465118,0.0305325122670545,0.0299055270720275,0.0299218418309229,0.0301572227661641,0.0306738325309538,0.0311838810153187
30.7,0.0304369099765789,0.0306076860241571,0.0299772577440825,0.0299942965809684,0.0302322459846465,0.0307403320974535,0.0312604687416724
30.8,0.0305105847431867,0.0306826433868376,0.0300487855914681,0.030066563830618,0.0303070563450777,0.030805456018935,0.0313367567431694
30.9,0.0305840335336112,0.0307573836833861,0.030120112606908,0.0301386452129836,0.0303816527813215,0.0308688267838525,0.0314127487474881
31,0.0306572581871491,0.0308319062834997,0.0301912408177428,0.0302105423905766,0.0304560342660278,0.0309298824103763,0.0314884484871933
31.1,0.0307302605924169,0.0309062105983621,0.0302621722833689,0.0302822570531412,0.0305301998107783,0.0309877512423152,0.0315638596865314
31.2,0.0308030426846637,0.0309802960807303,0.0303329090927201,0.0303537909155164,0.0306041484662434,0.0310410115466406,0.0316389860518423
31.3,0.0308756064431003,0.0310541622250104,0.0304034533617771,0.030425145715543,0.0306778793223331,0.0310871946560735,0.0317138312649548
31.4,0.0309479538882583,0.0311278085673423,0.030473807231124,0.0304963232119898,0.0307513915083428,0.0311216631183685,0.0317883989790278
31.5,0.0310200870793607,0.0312012346856706,0.030543972863533,0.0305673251825149,0.0308246841931001,0.0311348076057786,0.0318626928162857
31.6,0.0310920081117234,0.031274440199816,0.0306139524415983,0.0306381534216792,0.0308977565851156,0.03110444528037,0.031936716367241
31.7,0.0311637191141827,0.0313474247715502,0.0306837481654169,0.0307088097389719,0.0309706079327186,0.0309803884282939,0.032010473191006
31.8,0.0312352222465552,0.0314201881046589,0.0307533622503013,0.0307792959568905,0.0310432375241988,0.0308388513736625,0.0320839668163708
31.9,0.0313065196971292,0.0314927299450089,0.030822796924546,0.0308496139090591,0.0311156446879495,0.0314436387145825,0.0321572007434021
32,0.0313776136801901,0.0315650500806098,0.030892054427245,0.0309197654383782,0.0311878287925961,0.0318665855183753,0.0322301784453153
32.1,0.0314485064335757,0.031637148341673,0.030961137006145,0.0309897523952277,0.0312597892471392,0.0319631203046578,0.0323029033704985
32.2,0.031519200216285,0.0317090246006702,0.0310300469155598,0.0310595766356978,0.0313315255010782,0.0320134494424319,0.0323753789445074
32.3,0.0315896973061066,0.031780678772389,0.0310987864143249,0.0311292400198735,0.0314030370445502,0.0320621462635163,0.0324476085719641
32.4,0.0316599999973098,0.0318521108139797,0.0311673577638174,0.031198744410155,0.0314743234084517,0.0321142910352755,0.0325195956382716
32.5,0.0317301105983586,0.0319233207250107,0.0312357632260024,0.0312680916696287,0.0315453841645699,0.0321696980959197,0.0325913435110988
32.6,0.0318000314296828,0.0319943085475122,0.0313040050615601,0.0313372836604751,0.0316162189257009,0.0322275983823272,0.0326628555416007
32.7,0.0318697648214904,0.0320650743660214,0.0313720855280472,0.0314063222424241,0.0316868273457772,0.0322873318726076,0.0327341350653485
32.8,0.0319393131116276,0.0321356183076241,0.0314400068781158,0.0314752092712619,0.0317572091199845,0.0323484101206564,0.0328051854029762
32.9,0.032008677759112,0.0322059394562211,0.0315077705997851,0.0315439458725654,0.0318273628714853,0.03241048502661,0.0328760087694085
33,0.0320778611447088,0.0322760380277851,0.0315753789629032,0.0316125339163801,0.0318972883757195,0.0324732998752669,0.0329466085034141
33.1,0.0321468665124611,0.0323459153652767,0.0316428349636997,0.0316809759714965,0.0319669865658556,0.0325366654784419,0.0330169889882668
33.2,0.032215696210253,0.0324155717675536,0.0317101408180981,0.0317492738635032,0.0320364573044455,0.0326004447676615,0.0330871534850555
33.3,0.0322843525835672,0.0324850075761942,0.0317772987289616,0.0318174294071754,0.0321057004958673,0.032664534326395,0.033157105238881
33.4,0.0323528379736444,0.0325542231755204,0.0318443108846406,0.0318854444052539,0.0321747160864345,0.032728855041729,0.0332268474779075
33.5,0.0324211547157006,0.0326232189926284,0.0319111794575663,0.0319533206472642,0.0322435040645051,0.0327933456297403,0.0332963834121943
33.6,0.0324893051371903,0.0326919954974038,0.0319779066029021,0.0320210599083769,0.0323120644605834,0.0328579580852383,0.0333657162323307
33.7,0.0325572915561217,0.0327605532025479,0.0320444944572468,0.0320886639483261,0.0323803973474185,0.0329226544346877,0.0334348491079129
33.8,0.0326251162794332,0.0328288926635858,0.0321109451373906,0.0321561345103559,0.0324485028401096,0.032987404384018,0.0335037851858574
33.9,0.0326927816014129,0.0328970144788877,0.0321772607391232,0.0322234733202246,0.0325163810962,0.0330521835900149,0.0335725275885715
34,0.0327602898021786,0.0329649192896726,0.0322434433360954,0.0322906820852483,0.0325840323157743,0.0331169723726648,0.0336410794120087
34.1,0.0328276431462102,0.0330326077800273,0.0323094949787269,0.0323577624933831,0.0326514567415491,0.033181754743715,0.0337094437236132
34.2,0.0328948438809297,0.0331000806769017,0.0323754176931693,0.0324247162123567,0.0327186546589694,0.0332465176650572,0.0337776235601647
34.3,0.0329618942353419,0.0331673387501208,0.0324412134803176,0.0324915448888412,0.0327856263962937,0.0333112504763096,0.0338456219255395
34.4,0.0330287964187229,0.0332343828123847,0.032506884314879,0.0325582501476695,0.0328523723246849,0.0333759444484082,0.0339134417884044
34.5,0.0330955526193626,0.033301213719263,0.032572432144465,0.0326248335910834,0.0329188928582932,0.0334405924321334,0.0339810860798484
34.6,0.0331621650033594,0.0333678323691993,0.0326378588887688,0.0326912967980379,0.0329851884543393,0.0335051885788832,0.0340485576909526
34.7,0.03322863571347,0.0334342397034975,0.0327031664387616,0.0327576413235309,0.0330512596131984,0.0335697281169969,0.0341158594703306
34.8,0.0332949668680005,0.0335004367063198,0.0327683566559413,0.0328238686979834,0.0331171068784786,0.0336342071711492,0.0341829942216213
34.9,0.0333611605597638,0.0335664244046671,0.0328334313716341,0.0328899804266582,0.0331827308370973,0.0336986226154721,0.0342499647009615
35,0.0334272188550714,0.0336322038683776,0.0328983923863372,0.0329559779890992,0.0332481321193539,0.0337629719532574,0.0343167736144286
35.1,0.0334931437927885,0.0336977762101015,0.0329632414691021,0.0330218628386372,0.0333133113990104,0.033827253217805,0.0343834236154793
35.2,0.0335589373834308,0.0337631425852864,0.0330279803569627,0.0330876364019063,0.033378269393357,0.0338914648901976,0.0344499173023693
35.3,0.0336246016083065,0.0338283041921579,0.0330926107544072,0.0331533000784153,0.0334430068632784,0.0339556058307123,0.0345162572155834
35.4,0.0336901371882247,0.0338932602887627,0.0331571333015734,0.0332188541893368,0.033507522467423,0.0340196745143947,0.0345824443754973
35.5,0.0337555473105501,0.0339580141672349,0.0332215506986098,0.0332843011548608,0.033571819217126,0.0340836710972781,0.0346484827043506
35.6,0.0338208338634283,0.0340225671551854,0.0332858645486287,0.0333496422900239,0.0336358980057062,0.034147595272239,0.0347143745520079
35.7,0.0338859987028362,0.0340869206228956,0.0333500764204711,0.0334148788813182,0.0336997597703412,0.0342114469282428,0.0347801222002939
35.8,0.0339510436519561,0.0341510759832831,0.0334141878483693,0.0334800121864211,0.0337634054921209,0.0342752261206829,0.0348457278605277
35.9,0.0340159705006108,0.0342150346918665,0.0334782003316585,0.0335450434339643,0.0338268361961126,0.0343389330459185,0.0349111936711064
36,0.0340807810047203,0.0342787982467258,0.0335421153345104,0.033609973823319,0.0338900529514068,0.0344025680193409,0.0349765216951661
36.1,0.0341454768858137,0.0343423681884635,0.0336059342857092,0.0336748045244284,0.0339530568711781,0.0344661314564035,0.035041713918327
36.2,0.0342100598305783,0.0344057461001641,0.0336696585784614,0.0337395366776501,0.0340158491127282,0.0345296238561709,0.0351067722465277
36.3,0.0342745314904497,0.0344689336073472,0.0337332895702326,0.0338041713936398,0.0340784308775405,0.0345930457869985,0.0351716985040196
36.4,0.0343388934812391,0.0345319323779212,0.033796828582621,0.0338687097532513,0.0341408034113236,0.0346563978740269,0.0352364944314967
36.5,0.0344031473828001,0.0345947441221346,0.0338602769012515,0.0339331528074791,0.0342029680040577,0.0347196807882508,0.0353011616844283
36.6,0.0344672947387363,0.0346573705925231,0.0339236357757175,0.0339975015773996,0.0342649259900355,0.034782895236914,0.0353657018316291
36.7,0.0345313370561346,0.0347198135838554,0.0339869064195306,0.0340617570541685,0.0343266787479013,0.0348460419550655,0.0354301163541034
36.8,0.0345952758053465,0.0347820749330806,0.0340500900101095,0.0341259201990103,0.0343882277006946,0.0349091216981275,0.0354944066442435
36.9,0.0346591124197953,0.0348441565192636,0.0341131876887945,0.0341899919432562,0.0344495743158814,0.0349721352353154,0.0355585740054145
37,0.0347228482958214,0.0349060602635311,0.034176200560882,0.0342539731883859,0.0345107201053892,0.0350350833438319,0.0356226196520363
37.1,0.0347864847925555,0.034967788129003,0.0342391296956905,0.0343178648061061,0.0345716666256409,0.0350979668037233,0.0356865447102223
37.2,0.0348500232318249,0.0350293421207302,0.034301976126648,0.0343816676384279,0.0346324154775836,0.0351607863933069,0.0357503502190941
37.3,0.0349134648980955,0.0350907242856274,0.0343647408513942,0.0344453824977888,0.0346929683067163,0.0352235428851301,0.03581403713288
37.4,0.0349768110384304,0.0351519367124019,0.0344274248319186,0.0345090101671745,0.0347533268031191,0.0352862370423604,0.0358776063239196
37.5,0.0350400628624914,0.0352129815314813,0.034490028994708,0.0345725514002658,0.0348134927014685,0.0353488696155934,0.035941058586736
37.6,0.0351032215425607,0.0352738609149427,0.0345525542309235,0.0346360069216002,0.0348734677810737,0.0354114413400094,0.0360043946433173
37.7,0.0351662882135863,0.0353345770764378,0.0346150013965869,0.0346993774267574,0.0349332538658812,0.0354739529328449,0.0360676151497972
37.8,0.0352292635328268,0.0353951314932972,0.034677370937977,0.0347626631722085,0.0349928519165805,0.0355364048031226,0.0361307201439415
37.9,0.035292148575578,0.0354555264957978,0.0347396636523328,0.0348258648050064,0.0350522638746949,0.0355987976351109,0.0361937101841684
38,0.0353549448098229,0.0355157652118463,0.0348018806692072,0.0348889833476816,0.0351114926165893,0.035661132370303,0.0362565863487068
38.1,0.0354176532211313,0.0355758500217437,0.0348640227053719,0.0349520193812784,0.0351705401462067,0.0357234096333684,0.0363193491317127
38.2,0.0354802747583572,0.0356357833469485,0.0349260904436921,0.0350149734590002,0.0352294085122051,0.0357856300220591,0.0363819990234524
38.3,0.0355428103338254,0.0356955676499928,0.0349880845334031,0.035077846106484,0.035288099807956,0.035847794106002,0.0364445365296983
38.4,0.0356052608235496,0.035755205434383,0.035050005590429,0.035140637822067,0.0353466161715557,0.0359099024256489,0.0365069621938716
38.5,0.0356676270674523,0.0358146992445204,0.0351118541976863,0.035203349077079,0.0354049597858296,0.0359719554913598,0.0365692766220892
38.6,0.0357299098696139,0.0358740516655965,0.0351736309054189,0.035265980316132,0.0354631328783267,0.0360339537826049,0.0366314805111132
38.7,0.0357921099985429,0.0359332653235035,0.0352353362315352,0.0353285319574301,0.0355211377213219,0.0360958977472897,0.0366935746791924
38.8,0.0358542281874468,0.0359923428847363,0.035296970661962,0.0353910043930814,0.0355789766318123,0.036157787801169,0.0367555600995929
38.9,0.0359162651345378,0.0360512870562921,0.0353585346510043,0.0354533979894214,0.0356366519715104,0.0362196243273673,0.0368174379365157
39,0.0359782215033446,0.0361101005855713,0.0354200286217171,0.0355157130873399,0.0356941661468399,0.0362814076759753,0.036879209582886
39.1,0.0360400979230315,0.0361687862602738,0.0354814529662818,0.0355779500026292,0.0357515216089201,0.0363431381637361,0.0369408766992771
39.2,0.0361018949887469,0.0362273469082953,0.0355428080464,0.0356401090263155,0.0358087208535591,0.0364048160737872,0.0370024412530183
39.3,0.0361636132619719,0.0362857853976254,0.0356040941936827,0.0357021904250206,0.0358657664212356,0.0364664416554897,0.037063905556227
39.4,0.0362252532708861,0.0363441046362324,0.0356653117100601,0.035764194441313,0.0359226608970838,0.0365280151243015,0.0371252723012625
39.5,0.0362868155107471,0.0364023075719626,0.0357264608681848,0.0358261212940714,0.0359794069108831,0.0365895366617149,0.0371865445918006
39.6,0.0363483004442697,0.0364603971924298,0.0357875419118544,0.0358879711788505,0.0360360071370162,0.0366510064152442,0.0372477259675135
39.7,0.0364097085020358,0.0365183765249003,0.035848555056427,0.0359497442682545,0.0360924642944746,0.0367124244984624,0.0373088204201348
39.8,0.0364710400828884,0.0365762486361825,0.035909500489254,0.0360114407123099,0.0361487811468101,0.0367737909910859,0.0373698323986236
39.9,0.0365322955543584,0.0366340166325133,0.0359703783701038,0.0360730606388483,0.0362049605021216,0.03683510593909,0.0374307668011488
40,0.036593475253081,0.0366916836594421,0.0360311888316034,0.0361346041538824,0.0362610052130193,0.0368963693548699,0.03749162895185
40.1,0.03665457948523,0.0367492529017153,0.0360919319796778,0.0361960713419924,0.0363169181765971,0.0369575812174405,0.0375524245606688
40.2,0.0367156085269579,0.0368067275831621,0.0361526078939868,0.0362574622667206,0.0363727023343948,0.0370187414726585,0.0376131596651609
40.3,0.0367765618922212,0.0368641101035233,0.036213215970043,0.036318776223916,0.0364283594682353,0.0370798495255333,0.0376738400850228
40.4,0.0368374405347216,0.0369214046917029,0.0362737568947326,0.0363800139832833,0.0364838938716936,0.0371409057614482,0.0377344728598018
40.5,0.0368982446424357,0.0369786146891474,0.0363342306709252,0.0364411755470145,0.0365393086206892,0.037201910027542,0.037795064479775
40.6,0.0369589743751504,0.0370357434758976,0.0363946372770376,0.0365022608978352,0.03659460683543,0.0372628621390001,0.0378556213538843
40.7,0.0370196298649247,0.0370927944704724,0.0364549766674944,0.0365632699993984,0.036649791680369,0.0373237618794181,0.0379161496772699
40.8,0.0370802112165673,0.0371497711297379,0.0365152487731803,0.0366242027966816,0.0367048663641615,0.0373846090011742,0.0379766552949534
40.9,0.0371407185080987,0.0372066769487948,0.036575453501886,0.0366850592163718,0.0367598341396103,0.0374454032258281,0.0380371435673317
41,0.037201151791239,0.0372635154608435,0.0366355907387809,0.0367458391672707,0.0368146983036212,0.0375061442445355,0.038097619243432
41.1,0.0372615110918768,0.0373202902370676,0.0366956603468577,0.036806542540678,0.0368694621971416,0.0375668317184871,0.0381580863478154
41.2,0.0373217964105611,0.0373770048865046,0.0367556621673877,0.0368671692107916,0.0369241292051124,0.0376274652793409,0.0382185480864047
41.3,0.0373820077229741,0.0374336630559211,0.0368155960203786,0.036927719035092,0.0369787027564074,0.037688044529695,0.0382790067756159
41.4,0.0374421449804231,0.0374902684296897,0.036875461705031,0.0369881918547415,0.0370331863237714,0.0377485690435488,0.0383394637978513
41.5,0.0375022081103236,0.0375468247296579,0.0369352590001874,0.037048587494966,0.0370875834237583,0.0378090383667927,0.0383999195848963
41.6,0.0375621970166836,0.0376033357150275,0.0369949876647857,0.0371089057654451,0.0371418976166701,0.0378694520177018,0.0384603736291756
41.7,0.0376221115805964,0.0376598051822222,0.0370546474383164,0.0371691464606985,0.0371961325064874,0.0379298094874367,0.0385208245212788
41.8,0.0376819516607191,0.0377162369647655,0.0371142380412614,0.0372293093604715,0.0372502917408,0.0379901102405539,0.0385812700108202
41.9,0.0377417170937678,0.0377726349331502,0.0371737591755478,0.0372893942301126,0.037304379010737,0.0380503537155312,0.0386417070866488
42,0.0378014076949988,0.0378290029947137,0.0372332105249934,0.0373494008209564,0.0373583980508908,0.0381105393252866,0.0387021320717356
42.1,0.0378610232586927,0.037885345093512,0.0372925917557501,0.0374093288707005,0.0374123526392474,0.0381706664577183,0.0387625407277419
42.2,0.0379205635586442,0.0379416652101886,0.0373519025167427,0.0374691781037795,0.0374662465970991,0.038230734476236,0.0388229283643511
42.3,0.0379800283486412,0.0379979673618552,0.0374111424401067,0.0375289482317391,0.037520083788974,0.0382907427203114,0.0388832899487585
42.4,0.0380394173629453,0.0380542556019561,0.0374703111416297,0.0375886389535995,0.037573868122548,0.0383506905060165,0.0389436202113675
42.5,0.0380987303167758,0.0381105340201526,0.037529408221179,0.0376482499562302,0.0376276035485553,0.0384105771265836,0.0390039137444212
42.6,0.0381579669067831,0.0381668067421851,0.0375884332631337,0.0377077809147105,0.0376812940607133,0.0384704018529553,0.039064165091193
42.7,0.038217126433962,0.0382230779428043,0.0376473854793964,0.0377672310969585,0.0377349435152328,0.0385301636234741,0.039124368564495
42.8,0.0382762085541188,0.0382793518806006,0.0377062644180197,0.0378266001503843,0.0377885560509577,0.0385898616547449,0.0391845187572477
42.9,0.0383352132865048,0.0383356327969726,0.0377650699743479,0.0378858881105953,0.0378421359912068,0.0386494954607604,0.0392446107257621
43,0.0383941402577759,0.0383919249617583,0.0378238016746662,0.037945094608789,0.0378956875018869,0.0387090642283352,0.0393046394853685
43.1,0.0384529890783916,0.0384482326802556,0.0378824590318937,0.0380042192661552,0.0379492147914073,0.0387685671248119,0.0393646002752245
43.2,0.0385117593430754,0.0385045602930959,0.0379410415459813,0.0380632616942171,0.038002722110583,0.0388280032986204,0.0394244885793018
43.3,0.0385704506312685,0.0385609121761248,0.0379995487043314,0.0381222214951711,0.0380562137525236,0.0388873718798476,0.0394843001386698
43.4,0.0386290625075964,0.0386172927402761,0.0380579799821928,0.0381810982622257,0.0381096940525344,0.0389466719807901,0.0395440309564043
43.5,0.0386875945223086,0.0386737064314566,0.0381163348430596,0.0382398915799292,0.0381631673880024,0.0390059026965215,0.0396036772963464
43.6,0.0387460462117337,0.0387301577304224,0.0381746127390693,0.0382986010245006,0.038216638178294,0.039065063105443,0.0396632356769864
43.7,0.0388044170987215,0.038786651152654,0.038232813111392,0.0383572261641597,0.038270110884634,0.0391241522698512,0.0397227028615308
43.8,0.0388627066930847,0.038843191248249,0.0382909353906178,0.038415766559443,0.0383235900099964,0.0391831692364862,0.0397820758452101
43.9,0.0389209144920311,0.0388997826017917,0.0383489789971392,0.0384742217635217,0.0383770800989857,0.0392421130370893,0.0398413518406306
44,0.0389790399806037,0.0389564298322437,0.0384069433415298,0.0385325913225197,0.0384305857377133,0.039300982688953,0.0399005282619572
44.1,0.0390370826321033,0.0390131375928218,0.0384648278249223,0.0385908747758206,0.038484111553683,0.0393597771954684,0.0399596027084915
44.2,0.0390950419085177,0.0390699105708852,0.0385226318393751,0.0386490716563765,0.0385376622156597,0.0394184955466739,0.0400185729481535
44.3,0.0391529172609349,0.0391267534878184,0.0385803547682438,0.0387071814910056,0.0385912424335488,0.039477136719798,0.0400774369012175
44.4,0.0392107081299666,0.0391836710989175,0.0386379959865382,0.0387652038007,0.0386448569582588,0.039535699679794,0.0401361926246273
44.5,0.0392684139461564,0.0392406681932734,0.0386955548612823,0.0388231381009105,0.0386985105815813,0.0395941833798851,0.040194838297055
44.6,0.0393260341303864,0.0392977495936609,0.0387530307518726,0.0388809839018467,0.0387522081360467,0.0396525867620898,0.0402533722048716
44.7,0.0393835680942811,0.0393549201564263,0.0388104230104265,0.0389387407087575,0.0388059544947923,0.0397109087577523,0.0403117927291079
44.8,0.0394410152406062,0.0394121847713729,0.0388677309821221,0.0389964080222179,0.0388597545714301,0.0397691482880704,0.0403700983334405
44.9,0.0394983749636601,0.0394695483616491,0.038924954005546,0.0390539853384101,0.0389136133198891,0.0398273042646099,0.0404282875532238
45,0.0395556466496697,0.039527015883641,0.0389820914130325,0.0391114721493987,0.0389675357342903,0.0398853755898324,0.0404863589855576
45.1,0.039612829677166,0.0395845923268572,0.0390391425309902,0.0391688679433957,0.0390215268487919,0.0399433611575944,0.0405443112803261
45.2,0.0396699225358381,0.0396422838799841,0.0390961058209553,0.0392261713026374,0.0390755925103459,0.0400012589910941,0.040602141939067
45.3,0.0397269254591588,0.0397000945301281,0.0391529814444984,0.0392833826008228,0.0391297371589275,0.0400590688093767,0.0406598508634929
45.4,0.0397838378046745,0.0397580293664371,0.039209768712087,0.0393405013161494,0.0391839659490313,0.0401167894833446,0.0407174368180678
45.5,0.0398406589237497,0.0398160935107423,0.03926646692957,0.0393975269240316,0.0392382840745747,0.0401744198773291,0.0407748985929414
45.6,0.039897388161927,0.0398742921174425,0.0393230753984888,0.0394544588973459,0.0392926967687425,0.0402319588495688,0.0408322349991443
45.7,0.039954024859285,0.0399326303734011,0.0393795934163866,0.0395112967066962,0.0393472093038287,0.0402894052527005,0.0408894448644302
45.8,0.0400105683507894,0.0399911134978363,0.039436020277109,0.0395680398206466,0.0394018269910757,0.0403467579342351,0.0409465270296798
45.9,0.0400670179666429,0.0400497467422075,0.039492355271108,0.039624687705972,0.0394565551805029,0.0404040157370313,0.0410034803458357
46,0.0401233730326288,0.040108535390115,0.0395485976857368,0.0396812398278954,0.0395113992607466,0.0404611774997673,0.0410603036712801
46.1,0.0401796328704468,0.0401674847571746,0.0396047468055431,0.039737695650327,0.0395663646588841,0.0405182420574009,0.0411169958696408
46.2,0.0402357967980522,0.0402266001909251,0.0396608019125512,0.0397940546360899,0.039621456840264,0.0405752082416269,0.0411735558079552
46.3,0.0402918641299846,0.0402858870707051,0.0397167622865534,0.0398503162471559,0.0396766813083324,0.0406320748813373,0.0412299823551621
46.4,0.0403478341776879,0.0403453508075474,0.0397726272053865,0.0399064799448705,0.0397320436044565,0.0406888408030602,0.0412862743808787
46.5,0.0404037062498424,0.0404049968440636,0.0398283959452108,0.0399625451901697,0.039787549307741,0.0407455048314079,0.0413424307544282
46.6,0.0404594796526709,0.040464830654334,0.0398840677807769,0.04001851144381,0.0398432040348519,0.0408020657895136,0.0413984503440963
46.7,0.0405151536902564,0.0405248577437907,0.0399396419856987,0.0400743781665718,0.0398990134398255,0.0408585224994612,0.0414543320165676
46.8,0.0405707276648498,0.0405850836491057,0.0399951178327207,0.0401301448194842,0.0399549832138888,0.040914873782713,0.0415100746365456
46.9,0.0406262008771688,0.0406455139380743,0.0400504945939717,0.0401858108640259,0.0400111190852633,0.040971118460533,0.0415656770665026
47,0.040681572626707,0.040706154209491,0.0401057715412324,0.0402413757623395,0.0400674268189803,0.0410272553543962,0.0416211381665647
47.1,0.0407368422120202,0.0407670100930403,0.0401609479461777,0.0402968389774258,0.0401239122166819,0.0410832832864082,0.0416764567945099
47.2,0.0407920089310166,0.0408280872491665,0.0402160230806356,0.0403521999733564,0.0401805811164244,0.0411392010797028,0.0417316318058504
47.3,0.0408470720812496,0.0408893913689582,0.0402709962168319,0.0404074582154592,0.0402374393924836,0.0411950075588454,0.0417866620539929
47.4,0.0409020309601995,0.0409509281740206,0.0403258666276301,0.0404626131705207,0.0402944929551482,0.0412507015502228,0.0418415463904779
47.5,0.0409568848655437,0.041012703416347,0.040380633586776,0.0405176643069778,0.0403517477505225,0.0413062818824438,0.041896283665265
47.6,0.0410116325739868,0.0410747241038277,0.0404352958549123,0.0405726105810048,0.0404092108055519,0.0413617468181069,0.041950871994889
47.7,0.0410662733743365,0.0411369961331114,0.0404898526978296,0.0406274514573193,0.0404668882246323,0.0414170951746243,0.0420053102105691
47.8,0.0411208070846302,0.0411995241497326,0.0405443039041077,0.0406821869220559,0.0405247850447327,0.0414723263526174,0.0420595978863333
47.9,0.0411752330061063,0.0412623140267694,0.0405986487534004,0.0407368164521815,0.0405829073540968,0.0415274391934456,0.0421137338695566
48,0.0412295504415472,0.0413253716670162,0.0406528865273891,0.0407913395272356,0.0406412612757151,0.0415824325425597,0.0421677170080548
48.1,0.0412837586955377,0.0413887030028379,0.040707016510023,0.0408457556295086,0.0406998529671108,0.0416373052498638,0.0422215461505653
48.2,0.041337857074703,0.0414523139960249,0.0407610379877131,0.0409000642442105,0.0407586886201104,0.041692056170057,0.042275220147218
48.3,0.0413918448879706,0.0415162106376486,0.0408149502495619,0.0409542648596474,0.0408177744606313,0.0417466841629921,0.0423287378500373
48.4,0.0414457214468064,0.0415803989479004,0.0408687525875651,0.0410083569673804,0.0408771167484456,0.0418011880940086,0.0423820981134304
48.5,0.0414994860654522,0.0416448849759467,0.0409224442968207,0.041062340062401,0.0409367217769546,0.0418555668342704,0.0424352997946868
48.6,0.0415531380611652,0.0417096747997594,0.0409760246757385,0.0411162136432881,0.0409965958729634,0.0419098192611033,0.0424883417544783
48.7,0.0416066767544469,0.0417747745259597,0.0410294930262277,0.0411699772123707,0.0410567453964421,0.0419639442583157,0.0425412228573585
48.8,0.0416601014692791,0.0418401902896493,0.0410828486539152,0.0412236302758867,0.0411171767402918,0.0420179407165201,0.042593941972252
48.9,0.0417134115333397,0.0419059282542372,0.0411360908683238,0.0412771723441391,0.041177896330105,0.0420718075334499,0.0426464979729488
49,0.041766606278229,0.0419719946112666,0.0411892189830733,0.0413306029316501,0.0412389106239303,0.0421255436142789,0.0426988897385885
49.1,0.0418196850396908,0.0420383955802342,0.0412422323160689,0.041383921557314,0.0413002261120215,0.0421791478719094,0.0427511161541342
49.2,0.0418726471578263,0.0421051374084088,0.0412951301896911,0.0414371277445449,0.0413618493165999,0.0422326192272988,0.0428031761108492
49.3,0.0419254919773005,0.0421722263706371,0.0413479119309744,0.0414902210214263,0.0414237867916005,0.0422859566097336,0.0428550685067531
49.4,0.0419782188475611,0.0422396687691574,0.041400576871796,0.0415432009208588,0.0414860451224269,0.0423391589571385,0.0429067922470849
49.5,0.0420308271230312,0.0423074709333972,0.0414531243490496,0.0415960669806971,0.0415486309256955,0.0423922252163525,0.0429583462447387
49.6,0.0420833161633263,0.0423756392197735,0.0415055537048273,0.0416488187439018,0.0416115508489788,0.0424451543434224,0.0430097294207109
49.7,0.0421356853334416,0.0424441800114841,0.0415578642865907,0.0417014557586703,0.0416748115705539,0.0424979453038729,0.0430609407045172
49.8,0.0421879340039571,0.0425130997182951,0.0416100554473474,0.041753977578583,0.0417384197991367,0.0425505970729838,0.0431119790346181
49.9,0.0422400615512215,0.0425824047763249,0.041662126545812,0.0418063837627255,0.041802382273623,0.0426031086360603,0.043162843358827
50,0.0422920673575535,0.0426521016478177,0.0417140769465812,0.0418586738758487,0.0418667057628214,0.0426554789886974,0.0432135326347004
