"Freq [GHz]","dB(St(1,1)) [] - dielectric_overlap='1um' pillar_h='10um'","dB(St(1,1)) [] - dielectric_overlap='1um' pillar_h='50um'","dB(St(1,1)) [] - dielectric_overlap='200um' pillar_h='50um'","dB(St(1,1)) [] - dielectric_overlap='205um' pillar_h='50um'"
1,-40.3961761030027,-40.4252657055184,-39.448472535073,-40.4237124001483
1.1,-40.1912160323325,-40.2747467312809,-39.2375321399526,-40.2059839443616
1.2,-39.9416858453194,-40.1205874678804,-39.0261440961272,-39.9896250002741
1.3,-39.666877549699,-39.9650028412588,-38.8167050730345,-39.7733115883271
1.4,-39.3790716777074,-39.8093189705693,-38.6104128633998,-39.556557384794
1.5,-39.085977531522,-39.6542824043333,-38.407755530223,-39.3393275271001
1.6,-38.7924155973694,-39.5002729166043,-38.2088180636231,-39.1218168501221
1.7,-38.5014146082893,-39.3474466892166,-38.0134716204028,-38.9043236866778
1.8,-38.2149003769197,-39.1958305930624,-37.8214878365248,-38.687179566714
1.9,-37.9341148470157,-39.0453828332355,-37.63260576509,-38.4707115593151
2,-37.659863017775,-38.896030871547,-37.4465692139657,-38.255223501504
2.1,-37.3926536914389,-38.7476942575132,-37.2631458842301,-38.04098796711
2.2,-37.1327777439102,-38.6002976113784,-37.0821355713183,-37.8282441760366
2.3,-36.8803524045035,-38.4537773099233,-36.9033720125079,-37.6171990475831
2.4,-36.6353494867366,-38.3080842479588,-36.7267212392932,-37.4080297974021
2.5,-36.3976180330139,-38.1631842406742,-36.5520781881431,-37.2008871864626
2.6,-36.1669065333369,-38.0190570845575,-36.3793626200661,-36.9958989458045
2.7,-35.9428863048701,-37.8756949272669,-36.2085149560574,-36.7931731403665
2.8,-35.7251754989714,-37.7331003527135,-36.0394923592066,-36.5928013701012
2.9,-35.513362258596,-37.5912844269891,-35.8722652249163,-36.3948617797207
3,-35.30702545296,-37.4502648462984,-35.7068141393731,-36.1994218852274
3.1,-35.1057518194276,-37.3100642610889,-35.5431273080195,-36.0065412405787
3.2,-34.9091489380292,-37.1707088085034,-35.3811984241349,-35.8162739695601
3.3,-34.7168540331609,-37.0322268595794,-35.2210249323982,-35.6286711802405
3.4,-34.5285390214937,-36.8946479726212,-35.06260663689,-35.4437832638071
3.5,-34.34392928983,-36.7580067543715,-34.905953219667,-35.2616758876241
3.6,-34.1627664899524,-36.6223331486416,-34.7510661755024,-35.0824051712633
3.7,-33.984812585701,-36.4876511756337,-34.59793811848,-34.9060180722394
3.8,-33.8098787242681,-36.3539881071646,-34.446569545491,-34.7325814889517
3.9,-33.6378036782907,-36.2213695874739,-34.2969598903391,-34.562169266627
4,-33.4684502011767,-36.0898194187259,-34.149107294977,-34.3948618513557
4.1,-33.3017014944384,-35.9593594194762,-34.0030084664708,-34.2307447149203
4.2,-33.1374579365466,-35.8300093426144,-33.858658601226,-34.0699052287983
4.3,-32.9756341530616,-35.7017868412004,-33.7160513612986,-33.9124277177292
4.4,-32.8161564583127,-35.5747074723435,-33.575178890401,-33.7583865695151
4.5,-32.6589606660367,-35.4487847308277,-33.4360318595611,-33.6078375433746
4.6,-32.5039902462777,-35.3240301055529,-33.2985995343533,-33.4608078061368
4.7,-32.3511947949795,-35.2004531530439,-33.1628698572403,-33.3172856923625
4.8,-32.2005287781663,-35.0780615832986,-33.0288295399063,-33.177211631771
4.9,-32.0519505121798,-34.9568613541148,-32.8964641615502,-33.0404719633701
5,-31.9054213434796,-34.8368567707698,-32.7657582700105,-32.9068972947914
5.1,-31.76090499489,-34.7180505885422,-32.6366954833065,-32.7762665586037
5.2,-31.6183670491109,-34.6004441160889,-32.5092585897735,-32.6483169897879
5.3,-31.4777745443507,-34.4840373181107,-32.383429645437,-32.522759096571
5.4,-31.3390956607632,-34.3688289161048,-32.2591900676444,-32.3992946457309
5.5,-31.2022994798649,-34.2548164862875,-32.1365207242725,-32.2776350656558
5.6,-31.0673558021823,-34.1419965540181,-32.0154020180666,-32.1575176805378
5.7,-30.9342350110281,-34.0303646842403,-31.8958139658472,-32.0387177978805
5.8,-30.8029079725612,-33.9199155676259,-31.7777362724652,-31.9210556485995
5.9,-30.6733459641607,-33.8106431022224,-31.6611483994985,-31.8043982061822
6,-30.5455373784983,-33.702551867399,-31.5460438294237,-31.6886651914119
6.1,-30.4194368960354,-33.5956228511903,-31.4323871199798,-31.5737978155029
6.2,-30.2950168010416,-33.489848003269,-31.3201573634068,-31.4597784540333
6.3,-30.172249675315,-33.3852187637463,-31.2093336348015,-31.3466132639806
6.4,-30.0511083946543,-33.2817261221,-31.0998950364204,-31.2343250199084
6.5,-29.9315661302197,-33.179360671937,-30.9918207378087,-31.1229468937426
6.6,-29.8135963532601,-33.0781126617684,-30.8850900120013,-31.0125174066621
6.7,-29.6971728420368,-32.9779720419816,-30.7796822680451,-30.9030765750696
6.8,-29.5822696900438,-32.8789285082022,-30.6755770800874,-30.7946631446914
6.9,-29.4688613148481,-32.7809715412425,-30.5727542132678,-30.6873127432185
7,-29.3569224670462,-32.684090443829,-30.4711936466448,-30.581056763607
7.1,-29.2464282389634,-32.5882743743047,-30.3708755933777,-30.4759217997145
7.2,-29.1373540728376,-32.4935123774891,-30.2717805183735,-30.3719294798126
7.3,-29.0296757683026,-32.3997934128829,-30.1738891535991,-30.2690965725573
7.4,-28.9233694890542,-32.3071063803882,-30.0771825112457,-30.1674352688084
7.5,-28.8184117686326,-32.2154401437141,-29.9816418949224,-30.0669535687008
7.6,-28.7147795152858,-32.1247835516264,-29.8872489090463,-29.967655726139
7.7,-28.612450015913,-32.0351254571938,-29.793985466581,-29.8695427240246
7.8,-28.5114009391021,-31.9464547351731,-29.7018337952705,-29.7726127783497
7.9,-28.4116103372934,-31.8587602976692,-29.6107764425006,-29.6768619144512
8,-28.3130566481089,-31.7720311081981,-29.5207962789139,-29.5822847866666
8.1,-28.2157186948983,-31.6862561942712,-29.4318765008932,-29.4888764198692
8.2,-28.1195756865485,-31.6014246586139,-29.3440006320189,-29.3966383688506
8.3,-28.0246072166165,-31.5175256891244,-29.257152523601,-29.3056177353647
8.4,-27.9307988248209,-31.4345530344564,-29.1713212388068,-29.2158564296109
8.5,-27.8381305911407,-31.3524959265975,-29.0864910639204,-29.1264858918002
8.6,-27.7465776051945,-31.2713393429194,-29.0026418789177,-29.0387031796892
8.7,-27.6561209893442,-31.1910728930718,-28.9197588448785,-28.9520186293548
8.8,-27.5667422378129,-31.1116863061235,-28.837827442187,-28.8664022487481
8.9,-27.4784232128259,-31.0331694347693,-28.7568334671585,-28.7818394966015
9,-27.3911461404221,-30.9555122588403,-28.6767630282441,-28.6983158919931
9.1,-27.3048936059777,-30.878704888178,-28.5976025418611,-28.615816563258
9.2,-27.2196485494774,-30.8027375649261,-28.5193387278971,-28.5343264157733
9.3,-27.135394260569,-30.7276006652923,-28.4419586049262,-28.4538302694927
9.4,-27.0521143734328,-30.6532847008255,-28.3654494851773,-28.3743129511931
9.5,-26.9697928614949,-30.5797803192549,-28.2897989692879,-28.2957593582197
9.6,-26.8884140320111,-30.507078304929,-28.2149949408743,-28.2181545046691
9.7,-26.8079625205464,-30.4351695788936,-28.1410255609476,-28.1414835560766
9.8,-26.7284232853719,-30.3640451986448,-28.0678792622012,-28.0657318560532
9.9,-26.6497816017997,-30.2936963575864,-27.9955447431925,-27.9908849469689
10,-26.5720230564745,-30.2241143842252,-27.9240109624412,-27.9169285860425
10.1,-26.4951335416376,-30.1552907411293,-27.8532671324637,-27.8438487577872
10.2,-26.41909924938,-30.0872170236781,-27.7833027137599,-27.7716316835061
10.3,-26.3439066658955,-30.0198849586242,-27.7141074087704,-27.7002638283695
10.4,-26.2695425657496,-29.9532864024937,-27.6456711558164,-27.6297319064911
10.5,-26.1959940061711,-29.887413339842,-27.5779841230384,-27.56002288434
10.6,-26.1232483213792,-29.8222578813869,-27.5110367023433,-27.4911239827663
10.7,-26.0512931169525,-29.7578122620349,-27.4448195033712,-27.423022677866
10.8,-25.9801162642494,-29.6940688388182,-27.3793233474944,-27.355706700878
10.9,-25.9097132965042,-29.6310268273041,-27.3145461576287,-27.2891715044139
11,-25.8400649799047,-29.5686719435464,-27.2504720999699,-27.223397638014
11.1,-25.7711599571759,-29.5069969011147,-27.1870926008403,-27.1583735973196
11.2,-25.7029871149326,-29.4459945267655,-27.1243992745514,-27.0940881257619
11.3,-25.6355355784387,-29.3856577581406,-27.0623839176822,-27.0305302115654
11.4,-25.5687947064468,-29.3259796414564,-27.0010385034331,-26.9676890844454
11.5,-25.5027540861191,-29.2669533291896,-26.9403551760633,-26.9055542120598
11.6,-25.437403528033,-29.2085720777716,-26.8803262454151,-26.8441152962665
11.7,-25.3727330612726,-29.1508292452989,-26.8209441815322,-26.7833622692282
11.8,-25.3087329286073,-29.0937182892674,-26.7622016093748,-26.7232852894023
11.9,-25.2453935817587,-29.0372327643384,-26.7040913036396,-26.6638747374473
12,-25.1827056767569,-28.9813663201432,-26.646606183685,-26.6051212120727
12.1,-25.1206600693857,-28.9261126991311,-26.5897393085708,-26.5470155258543
12.2,-25.0592478107178,-28.8714657344693,-26.5334838722123,-26.4895487010358
12.3,-24.9984601427397,-28.8174193479972,-26.4778331986563,-26.4327119653316
12.4,-24.9382884940648,-28.7639675482413,-26.4227807374812,-26.3764967477457
12.5,-24.8787244757369,-28.7111044284962,-26.3683200593262,-26.3208946744189
12.6,-24.8197598771206,-28.6588241649733,-26.314444851553,-26.2658975645127
12.7,-24.76138666188,-28.6071210150223,-26.2611489140439,-26.2114974261396
12.8,-24.7035969640437,-28.5559893154286,-26.2084261551402,-26.1576864523466
12.9,-24.6463830841554,-28.5054234807899,-26.1562705877241,-26.1044570171572
13,-24.5897374855094,-28.455418001972,-26.1046763254481,-26.0518016716765
13.1,-24.5336527904691,-28.4059674446494,-26.0536375791139,-25.9997131402642
13.2,-24.478121776868,-28.3570664479299,-26.0031486532059,-25.9481843167779
13.3,-24.4231400199841,-28.3087123654653,-25.953206583227,-25.8972109372593
13.4,-24.3687005003706,-28.2608999051949,-25.9038057728789,-25.8467861281042
13.5,-24.3147937667516,-28.2136212536096,-25.8549381236136,-25.7969005653251
13.6,-24.2614131883602,-28.1668713334452,-25.806598285354,-25.7475477889713
13.7,-24.2085522729743,-28.1206451352676,-25.7587809866708,-25.6987214908083
13.8,-24.1562046637858,-28.0749377166243,-25.7114810322937,-25.6504155110234
13.9,-24.1043641363415,-28.0297442012836,-25.6646933007915,-25.6026238350069
14,-24.0530245955551,-27.9850597785594,-25.6184127424201,-25.5553405902129
14.1,-24.002180072788,-27.9408797027198,-25.5726343771386,-25.5085600430977
14.2,-23.9518247229983,-27.8971992924781,-25.5273532927943,-25.4622765961347
14.3,-23.9019528219553,-27.8540139305648,-25.4825646434752,-25.4164847849062
14.4,-23.8525587635199,-27.8113190633778,-25.4382636480279,-25.3711792752703
14.5,-23.8036370569869,-27.7691102007076,-25.394445588741,-25.3263548606022
14.6,-23.7551823244896,-27.7273829155362,-25.3511058101898,-25.282006459109
14.7,-23.7071892984648,-27.6861328439058,-25.3082397182411,-25.2381291112162
14.8,-23.6596528191759,-27.6453556848526,-25.2658427792131,-25.1947179770243
14.9,-23.612567832294,-27.6050472004061,-25.2239105191874,-25.1517683338346
15,-23.5659293865344,-27.5652032156453,-25.1824385234687,-25.1092755737423
15.1,-23.5197326313473,-27.525819618812,-25.1414224361857,-25.0672352012936
15.2,-23.4739728146629,-27.4868923614739,-25.1008579600294,-25.0256428312072
15.3,-23.4286452806864,-27.4484174587364,-25.060740856121,-24.9844941861552
15.4,-23.383745467745,-27.4103909894955,-25.0210669440039,-24.9437850946033
15.5,-23.3392689061838,-27.3728090967299,-24.9818321017515,-24.9035114887053
15.6,-23.2952112163091,-27.3356679878271,-24.9430322661835,-24.8636694022509
15.7,-23.2515681063797,-27.2989639349373,-24.904663433184,-24.8242549686624
15.8,-23.2083393538478,-27.262697489338,-24.8667258071953,-24.785268539036
15.9,-23.1655167761259,-27.2268607719517,-24.829211280897,-24.74670225137
16,-23.1230963360058,-27.1914502534458,-24.792116031876,-24.7085525290017
16.1,-23.0810740765793,-27.156462470883,-24.7554362989097,-24.6708158872314
16.2,-23.0394461194536,-27.1218940281519,-24.7191683826556,-24.6334889315044
16.3,-22.9982086630074,-27.0877415963979,-24.6833086463862,-24.5965683556124
16.4,-22.9573579806912,-27.0540019144522,-24.6478535167601,-24.5600509399113
16.5,-22.9168904193691,-27.0206717892512,-24.6127994846188,-24.523933549548
16.6,-22.8768023977039,-26.9877480962456,-24.5781431058002,-24.4882131326884
16.7,-22.8370904045857,-26.9552277797927,-24.5438810019592,-24.4528867187406
16.8,-22.7977509976062,-26.9231078535297,-24.5100098613869,-24.4179514165652
16.9,-22.7587808015784,-26.8913854007225,-24.4765264398174,-24.3834044126644
17,-22.7201765071064,-26.8600575745889,-24.4434275612164,-24.3492429693438
17.1,-22.6819348692056,-26.8291215985912,-24.4107101185402,-24.3154644228362
17.2,-22.6440527059793,-26.7985747666943,-24.3783710744602,-24.2820661813821
17.3,-22.6065268973547,-26.7684144435905,-24.3464074620428,-24.2490457232592
17.4,-22.5693543838844,-26.7386380648831,-24.3148163853795,-24.2164005947524
17.5,-22.5325321656197,-26.7092431372312,-24.2835950201599,-24.1841284080619
17.6,-22.4960573010642,-26.6802272384504,-24.2527406141823,-24.1522268391421
17.7,-22.4599269062164,-26.6515880175698,-24.2222504877958,-24.1206936254698
17.8,-22.4241381537123,-26.6233231948424,-24.1921220342711,-24.0895265637426
17.9,-22.3886882720803,-26.5954305617086,-24.1623527200925,-24.0587235075059
18,-22.3535745451223,-26.5679079807116,-24.1329400851723,-24.0282823647175
18.1,-22.3187943114363,-26.5407533853628,-24.1038817429802,-23.9982010952545
18.2,-22.28434657356,-26.5139665645701,-24.0751770949815,-23.9684794531594
18.3,-22.2502287428669,-26.4875455664268,-24.0468238705686,-23.9391154671077
18.4,-22.2164367009657,-26.4614867441765,-24.0188181807345,-23.9101054844812
18.5,-22.1829680058611,-26.4357883148502,-23.9911579348338,-23.8814476483743
18.6,-22.1498202707247,-26.4104485650245,-23.9638411151247,-23.8531401409537
18.7,-22.116991164637,-26.3854658503927,-23.9368657763763,-23.8251811810202
18.8,-22.0844784135764,-26.3608385952891,-23.9102300453925,-23.7975690216817
18.9,-22.0522798016531,-26.3365652921684,-23.8839321204526,-23.7703019481755
19,-22.0203931725727,-26.31264450104,-23.857970270672,-23.7433782758771
19.1,-21.9888164312989,-26.2890748488619,-23.8323428352856,-23.716796348536
19.2,-21.9575475458628,-26.265855028892,-23.8070482228577,-23.6905545367747
19.3,-21.9265845492413,-26.2429838000013,-23.7820849104206,-23.6646512368862
19.4,-21.8959255411978,-26.2204599859509,-23.7574514425475,-23.6390848699594
19.5,-21.8655686899409,-26.1982824746339,-23.7331464303623,-23.6138538813581
19.6,-21.8355122334279,-26.1764502172847,-23.7091685504926,-23.5889567405672
19.7,-21.8057544801003,-26.1549622276582,-23.6855165439677,-23.5643919414167
19.8,-21.7762938088144,-26.1338175811816,-23.6621892150693,-23.5401580026776
19.9,-21.7471286677138,-26.1130154140812,-23.6391854301378,-23.51625346902
20,-21.7182575717915,-26.0925549224843,-23.616504116339,-23.4926769123065
20.1,-21.6896790989178,-26.0724353615043,-23.5941442603971,-23.4694269331889
20.2,-21.6613918841667,-26.0526560443038,-23.5721049072992,-23.4465021629631
20.3,-21.6333946123672,-26.033216341146,-23.5503851589732,-23.4239012656313
20.4,-21.6056860089301,-26.0141156784305,-23.5289841729482,-23.401622940112
20.5,-21.5782648291526,-25.9953535377203,-23.5079011609984,-23.3796659225364
20.6,-21.5511298463753,-25.9769294547601,-23.4871353877769,-23.358028988566
20.7,-21.5242826214937,-25.9588463252343,-23.4666892667386,-23.3367140710645
20.8,-21.4977191206942,-25.9411004776129,-23.44655905562,-23.3157168950526
20.9,-21.4714380968728,-25.9236916056747,-23.4267441708151,-23.2950363693133
21,-21.445438274224,-25.9066194533843,-23.4072440760616,-23.2746714504769
21.1,-21.419718340652,-25.8898838139064,-23.3880582810848,-23.2546211445612
21.2,-21.3942769430392,-25.8734845286242,-23.3691863402543,-23.2348845082281
21.3,-21.3691126856896,-25.8574214861655,-23.3506278512577,-23.2154606497385
21.4,-21.3442241320028,-25.8416946214392,-23.3323824537933,-23.1963487295927
21.5,-21.3196098091705,-25.826303914681,-23.314449828285,-23.1775479608576
21.6,-21.2952682154481,-25.8112493905139,-23.2968296946215,-23.1590576091863
21.7,-21.2711978293774,-25.7965311170204,-23.279521810922,-23.140876992548
21.8,-21.2473971202373,-25.7821492048338,-23.2625259723317,-23.1230054806879
21.9,-21.223864558974,-25.7681038062428,-23.2458420098467,-23.1054424943471
22,-21.2005986289227,-25.754395114318,-23.2294697891719,-23.0881875042711
22.1,-21.1775978357386,-25.7410233620548,-23.2134092096119,-23.0712400300401
22.2,-21.1548607161022,-25.7279888215395,-23.197660202997,-23.0545996387569
22.3,-21.1323858449226,-25.7152918031344,-23.1822227326448,-23.0382659436227
22.4,-21.110171840911,-25.7029326546878,-23.1670967923578,-23.0222386024366
22.5,-21.0882173705291,-25.6909117607642,-23.1522824054585,-23.0065173160455
22.6,-21.0665211504161,-25.6792295419011,-23.1377796238618,-22.9911018267754
22.7,-21.0450819484676,-25.6678864538874,-23.1235885271851,-22.9759919168652
22.8,-21.0238985837787,-25.6568829870687,-23.109709221896,-22.9611874069274
22.9,-21.0029699256803,-25.6462196656767,-23.096141840498,-22.9466881544512
23,-20.9822948920888,-25.6358970471838,-23.0828865407539,-22.9324940523632
23.1,-20.9618736806803,-25.6259173977286,-23.0699450366553,-22.9186065229289
23.2,-20.9417052861333,-25.6162813488582,-23.0573175376078,-22.9050255257932
23.3,-20.9217875212877,-25.6069878819809,-23.0450027427875,-22.8917495577
23.4,-20.9021194757357,-25.5980376824559,-23.0330009045864,-22.878778641262
23.5,-20.8827002751624,-25.5894314660271,-23.0213122973026,-22.8661128284699
23.6,-20.8635290788686,-25.5811699783338,-23.0099372165822,-22.8537521997511
23.7,-20.8446050774475,-25.5732539944481,-22.9988759788949,-22.8416968631152
23.8,-20.8259274906376,-25.565684318436,-22.9881289210414,-22.8299469533819
23.9,-20.8074955653662,-25.5584617829457,-22.9776963996946,-22.81850263149
24,-20.7893085739818,-25.5515872488191,-22.9675787909707,-22.8073640838801
24.1,-20.7713658126734,-25.5450616047284,-22.9577764900308,-22.7965315219495
24.2,-20.7536666000637,-25.5388857668375,-22.9482899107129,-22.7860051815719
24.3,-20.736210275966,-25.5330606784861,-22.9391194851906,-22.775785322678
24.4,-20.718996200289,-25.5275873098981,-22.9302656636604,-22.7658722288916
24.5,-20.7020237520743,-25.5224666579124,-22.9217289140546,-22.7562662072165
24.6,-20.6852923286533,-25.5176997457368,-22.9135097217812,-22.7469675877691
24.7,-20.6688013449074,-25.513287622723,-22.9056085894859,-22.7379767235523
24.8,-20.6525502326205,-25.509231364164,-22.8980260368398,-22.729293990267
24.9,-20.63653843991,-25.5055320711122,-22.8907626003483,-22.7209197861556
25,-20.6207654307261,-25.5021908702178,-22.8838188331827,-22.7128545318759
25.1,-20.6052306844106,-25.499208913588,-22.8771953050313,-22.7050986704013
25.2,-20.5899336953041,-25.4965873786647,-22.8708926019717,-22.6976526669426
25.3,-20.5748739723981,-25.4943274681215,-22.8649113263612,-22.6905170088914
25.4,-20.5600510390211,-25.49243040978,-22.8592520967455,-22.6836922057808
25.5,-20.5454644325569,-25.4908974565429,-22.8539155477847,-22.6771787892616
25.6,-20.5311160124832,-25.4897334811666,-22.8489055065752,-22.6709803769078
25.7,-20.5170030271332,-25.4889362172942,-22.844219476596,-22.6650944922646
25.8,-20.5031250549715,-25.4885069935519,-22.8398581410211,-22.6595217339468
25.9,-20.4894816876014,-25.4884471635508,-22.8358221990016,-22.6542627227127
26,-20.4760725295764,-25.488758105903,-22.8321123656669,-22.6493181014927
26.1,-20.4628971982227,-25.4894412242529,-22.8287293721407,-22.6446885354259
26.2,-20.4499553234708,-25.4904979473227,-22.8256739655675,-22.6403747119014
26.3,-20.4372465476937,-25.4919297289712,-22.8229469091521,-22.6363773406062
26.4,-20.4247705255521,-25.4937380482666,-22.8205489822097,-22.6326971535769
26.5,-20.4125269238445,-25.4959244095725,-22.8184809802272,-22.6293349052558
26.6,-20.4005154213616,-25.4984903426452,-22.816743714934,-22.626291372551
26.7,-20.3887357087448,-25.5014374027443,-22.8153380143833,-22.6235673548998
26.8,-20.3771874883469,-25.504767170754,-22.8142647230419,-22.6211636743354
26.9,-20.3658704740969,-25.5084812533155,-22.8135247018892,-22.6190811755566
27,-20.3547843913658,-25.5125812829705,-22.8131188285248,-22.6173207259996
27.1,-20.3439289768351,-25.5170689183147,-22.8130479972839,-22.6158832159142
27.2,-20.3333039783668,-25.5219458441605,-22.8133131193597,-22.6147695584409
27.3,-20.3229091548755,-25.5272137717099,-22.813915122935,-22.6139806896919
27.4,-20.3127442762007,-25.5328744387353,-22.8148549533189,-22.6135175688336
27.5,-20.3028091229818,-25.5389296097696,-22.8161335730913,-22.6133811781728
27.6,-20.2931034865334,-25.5453810763039,-22.817751962253,-22.6135725232449
27.7,-20.2836271687219,-25.552230656992,-22.8197111183835,-22.6140926329048
27.8,-20.2743799818432,-25.5594801978636,-22.8220120568027,-22.6149425594208
27.9,-20.2653617485012,-25.5671315725421,-22.8246558107399,-22.6161233785715
28,-20.2565734222161,-25.5751886710143,-22.8276451223667,-22.6176378226545
28.1,-20.2480148437248,-25.5836534510075,-22.8309810769488,-22.6194870313101
28.2,-20.239684744633,-25.5925258918399,-22.8346630773179,-22.6216705246235
28.3,-20.2315829878574,-25.6018079806299,-22.8386922306638,-22.6241894741189
28.4,-20.2237094460262,-25.6115017332758,-22.8430696630125,-22.6270450753631
28.5,-20.2160640013625,-25.621609194703,-22.8477965194242,-22.6302385480809
28.6,-20.2086465455702,-25.6321324391158,-22.8528739641963,-22.6337711362738
28.7,-20.2014569797194,-25.6430735702507,-22.8583031810694,-22.6376441083425
28.8,-20.1944952141332,-25.654434721632,-22.8640853734384,-22.641858757213
28.9,-20.1877611682756,-25.6662180568279,-22.8702217645661,-22.6464164004665
29,-20.1812547706396,-25.6784257697078,-22.8767135978015,-22.651318380473
29.1,-20.1749759586371,-25.6910600846985,-22.8835621368011,-22.6565660645287
29.2,-20.1689246784885,-25.7041232570407,-22.890768665753,-22.6621608449976
29.3,-20.163100885114,-25.7176175730422,-22.8983344896046,-22.6681041394572
29.4,-20.1575045420254,-25.7315453503299,-22.9062609342933,-22.6743973908482
29.5,-20.1521356212187,-25.745908938097,-22.9145493469791,-22.6810420676285
29.6,-20.1469941030677,-25.7607107173472,-22.9232010962809,-22.6880396639315
29.7,-20.1420799762181,-25.7759531011322,-22.9322175725139,-22.6953916997287
29.8,-20.137393237483,-25.7916385347839,-22.94160018793,-22.703099720997
29.9,-20.1329338917378,-25.8077694961382,-22.9513503769598,-22.71116529989
30,-20.1287019518181,-25.8243484957505,-22.9614695964558,-22.7195900349145
30.1,-20.124697438416,-25.8413780771012,-22.9719593259384,-22.7283755511106
30.2,-20.1209203799786,-25.8588608167899,-22.9828210678413,-22.7375235002377
30.3,-20.1173708126071,-25.876799324717,-22.9940563477592,-22.747035560964
30.4,-20.1140487799557,-25.8951962442503,-23.0056667146953,-22.7569134390612
30.5,-20.1109565649291,-25.9140587991523,-23.017657449539,-22.7671624881168
30.6,-20.1080919954548,-25.9333852061599,-23.0300264717878,-22.7777808825821
30.7,-20.1054551374539,-25.953178210842,-23.042775402851,-22.7887704115446
30.8,-20.1030460640017,-25.9734405927307,-23.0559058885475,-22.8001328920288
30.9,-20.1008648552309,-25.9941751653903,-23.0694195993517,-22.8118701692147
31,-20.0989115982348,-26.0153847764592,-23.083318230639,-22.8239841166606
31.1,-20.0971863869711,-26.0370723076656,-23.0976035029278,-22.8364766365302
31.2,-20.0956893221664,-26.0592406748108,-23.1122771621206,-22.8493496598255
31.3,-20.0944205112212,-26.0818928277204,-23.1273409797412,-22.8626051466223
31.4,-20.093380068115,-26.1050317501584,-23.1427967531693,-22.8762450863117
31.5,-20.0925681133124,-26.128660459703,-23.1586463058706,-22.8902714978451
31.6,-20.0919847736692,-26.1527820075785,-23.174891487623,-22.9046864299831
31.7,-20.0916301823388,-26.1773994784425,-23.1915341747366,-22.9194919615499
31.8,-20.0915044786795,-26.2025159901223,-23.2085762702693,-22.934690201689
31.9,-20.0916078081616,-26.2281346932985,-23.2260197042346,-22.9502832901256
32,-20.0919403222745,-26.2542587711291,-23.2438664338025,-22.96627339743
32.1,-20.092502178435,-26.2808914388129,-23.2621184434928,-22.9826627252858
32.2,-20.0932935398951,-26.3080359430841,-23.2807777453584,-22.9994535067608
32.3,-20.0943145756497,-26.3356955616353,-23.2998463791596,-23.0166480065802
32.4,-20.0955654603451,-26.3638736024615,-23.3193264125269,-23.0342485214028
32.5,-20.0970463741871,-26.3925734031212,-23.3392199411118,-23.0522573800997
32.6,-20.0987575028496,-26.4217983299069,-23.3595290887253,-23.0706769440337
32.7,-20.100699037382,-26.4515517769183,-23.3802560074607,-23.0895096073411
32.8,-20.1028711741182,-26.481837165033,-23.4014028778028,-23.1087577972141
32.9,-20.1052752469864,-26.51266058222,-23.422973989092,-23.1284260353558
33,-20.1079114656646,-26.5440255497577,-23.4449716115323,-23.1485168523791
33.1,-20.1107789105172,-26.5759329373645,-23.4673959424488,-23.169030728128
33.2,-20.1138777982283,-26.6083862609211,-23.4902492774215,-23.1899702258214
33.3,-20.1172083503003,-26.6413890560211,-23.513533940677,-23.2113379431528
33.4,-20.1207707929598,-26.6749448761304,-23.5372522850715,-23.2331365125677
33.5,-20.1245653570642,-26.709057290577,-23.5614066920449,-23.2553686015358
33.6,-20.1285922780063,-26.7437298823584,-23.5859995715471,-23.278036912821
33.7,-20.1328517956194,-26.7789662457546,-23.6110333619316,-23.3011441847447
33.8,-20.1373441540812,-26.8147699837327,-23.6365105298165,-23.3246931914436
33.9,-20.142069601817,-26.8511447051289,-23.6624335699086,-23.3486867431201
34,-20.1470283914015,-26.8880940215913,-23.6888050047879,-23.3731276862846
34.1,-20.1522207794606,-26.9256215442681,-23.7156273846518,-23.3980189039878
34.2,-20.1576470265714,-26.9637308802233,-23.7429032870127,-23.4233633160424
34.3,-20.1633073971611,-27.0024256285597,-23.770635316349,-23.4491638792319
34.4,-20.1692021594048,-27.0417093762308,-23.7988261037034,-23.4754235875062
34.5,-20.1753315851221,-27.0815856935201,-23.827478306227,-23.5021454721609
34.6,-20.1816959496717,-27.1220581291622,-23.8565946066635,-23.529332601999
34.7,-20.188295531845,-27.163130205086,-23.8861777127714,-23.5569880834746
34.8,-20.1951306137577,-27.2048054107491,-23.9162303566773,-23.585115060813
34.9,-20.2022014807393,-27.2470871970392,-23.946755294158,-23.6137167161091
35,-20.2095084212214,-27.2899789697118,-23.9777553038457,-23.6427962693985
35.1,-20.2170517266232,-27.3334840823319,-24.0092331863495,-23.6723569787003
35.2,-20.2248316912348,-27.3776058286883,-24.0411917632906,-23.702402140029
35.3,-20.232848612099,-27.4223474346427,-24.0736338762423,-23.7329350873709
35.4,-20.2411051178605,-27.4677181871087,-24.1065671820951,-23.7639640409805
35.5,-20.2495991875852,-27.5137150685583,-24.1399898178675,-23.795487628495
35.6,-20.2583311258976,-27.5603410429226,-24.1739046780111,-23.8275092983468
35.7,-20.2673012396674,-27.6075989667369,-24.2083146715592,-23.8600325364287
35.8,-20.2765098378765,-27.655491577512,-24.2432227204882,-23.8930608658438
35.9,-20.2859572314818,-27.7040214812708,-24.2786317579402,-23.9265978465981
36,-20.295643733276,-27.7531911391972,-24.3145447262971,-23.9606470752302
36.1,-20.3055696577428,-27.8030028533365,-24.3509645750969,-23.9952121843753
36.2,-20.3157353209091,-27.8534587512875,-24.3878942587826,-24.0302968422531
36.3,-20.3261410401931,-27.9045607698203,-24.4253367342706,-24.0659047520804
36.4,-20.3367871342474,-27.95631063735,-24.4632949583297,-24.1020396513949
36.5,-20.3476739227978,-28.0087098551923,-24.5017718847553,-24.1387053112897
36.6,-20.3588017264769,-28.0617596775253,-24.5407704613278,-24.1759055355461
36.7,-20.3701708666529,-28.1154610899736,-24.5802936265405,-24.2136441596607
36.8,-20.3817816652526,-28.1698147867286,-24.6203443060815,-24.251925049756
36.9,-20.3936344445786,-28.2248211461148,-24.6609254090537,-24.2907521013673
37,-20.4057295271206,-28.2804802045039,-24.7020398239182,-24.3301292380943
37.1,-20.4180672353607,-28.3367916284776,-24.743690414139,-24.3700604101095
37.2,-20.4306478915712,-28.3937546851324,-24.7858800135148,-24.4105495925108
37.3,-20.443471817606,-28.4513682104156,-24.8286114211739,-24.4516007835071
37.4,-20.4565393346848,-28.5096305753738,-24.8718873962127,-24.4932180024243
37.5,-20.4698507631686,-28.568539650199,-24.9157106519542,-24.5354052875187
37.6,-20.4834064223287,-28.6280927659366,-24.9600838498035,-24.5781666935826
37.7,-20.497206630105,-28.6882866737339,-25.0050095926728,-24.6215062893274
37.8,-20.5112529047188,-28.7491206015997,-25.0504931510479,-24.6654310288266
37.9,-20.5255455651979,-28.8105899323187,-25.0965370236647,-24.709945058832
38,-20.5400837235409,-28.8726862625953,-25.1431408700517,-24.7550496170314
38.1,-20.554867689699,-28.935403538755,-25.1903069809994,-24.8007487964899
38.2,-20.5698977709359,-28.998734879423,-25.238037548116,-24.84704668699
38.3,-20.585174271527,-29.0626725168424,-25.2863346540144,-24.8939473706748
38.4,-20.6006974924458,-29.1272077346978,-25.3352002618394,-24.9414549173257
38.5,-20.6164677310381,-29.1923308022925,-25.384636204095,-24.9895733792471
38.6,-20.6324852806835,-29.2580309049308,-25.4346441707266,-25.0383067857323
38.7,-20.6487504304424,-29.3242960703567,-25.485225696415,-25.0876591370776
38.8,-20.6652634646898,-29.3911130911136,-25.5363821470316,-25.137634398115
38.9,-20.6820246627329,-29.4584674426875,-25.5881147052058,-25.188236491228
39,-20.6990342984144,-29.5263431973218,-25.6404243549502,-25.2394692888137
39.1,-20.7162926396979,-29.5947229333916,-25.6933118652864,-25.2913366051531
39.2,-20.7337999482368,-29.6635876402573,-25.7467777728129,-25.3438421876462
39.3,-20.7515564789255,-29.7329166185324,-25.8008223631522,-25.3969897073705
39.4,-20.7695624794309,-29.8026873757318,-25.8554456512104,-25.4507827489105
39.5,-20.7878181897043,-29.8728755173006,-25.9106473601813,-25.5052247994122
39.6,-20.8063238414731,-29.943454633064,-25.9664268992229,-25.5603192368068
39.7,-20.8250796577095,-30.0143961791867,-26.0227833397288,-25.6160693171448
39.8,-20.8440858520774,-30.0856693557851,-26.0797153901163,-25.6724781609813
39.9,-20.8633426283553,-30.157240980399,-26.1372213690498,-25.7295487387453
40,-20.882850179833,-30.2290753576117,-26.1952991770115,-25.7872838550265
40.1,-20.9026086886836,-30.3011341451754,-26.2539462661303,-25.8456861317013
40.2,-20.9226183253058,-30.3733762171162,-26.3131596081779,-25.9047579898235
40.3,-20.942881712639,-30.4457584340189,-26.3729411380374,-25.9645082354902
40.4,-20.9633965329681,-30.51823180638,-26.4332811957217,-26.0249322558397
40.5,-20.9841629167172,-30.590745920039,-26.4941750823427,-26.0860317390338
40.6,-21.0051809795746,-30.6632470073855,-26.5556174687604,-26.1478080849119
40.7,-21.0264508216733,-30.7356778066609,-26.6176023528053,-26.210262379259
40.8,-21.0479725267353,-30.807977423841,-26.6801230140488,-26.2733953662495
40.9,-21.0697461611756,-30.88008119863,-26.7431719660114,-26.3372074189502
41,-21.0917717731657,-30.9519205762849,-26.8067409057016,-26.401698507755
41.1,-21.1140493916527,-31.0234229872216,-26.8708206603777,-26.4668681666261
41.2,-21.1365790253336,-31.0945117365692,-26.9354011314272,-26.5327154569995
41.3,-21.1593606615799,-31.1651059060758,-27.0004712352587,-26.5992389292148
41.4,-21.1823942653127,-31.2351202710019,-27.0660188411109,-26.6664365813168
41.5,-21.2056797778228,-31.3044652348735,-27.1320307056845,-26.7343058150728
41.6,-21.2292171155343,-31.373046785183,-27.1984924045121,-26.8028433890425
41.7,-21.2530061687081,-31.4407664733454,-27.2653882599912,-26.8720453685306
41.8,-21.277046800082,-31.5075214223914,-27.33270126602,-26.9419070722469
41.9,-21.3013388434428,-31.5732043660383,-27.4004130091876,-27.0124230154951
42,-21.3258821021278,-31.6377037228794,-27.4685035864875,-27.0835868497031
42.1,-21.3506763474505,-31.70090370949,-27.5369515195507,-27.1553912981072
42.2,-21.3757213170454,-31.7626844962256,-27.605733665415,-27.2278280874024
42.3,-21.4010167131288,-31.8229224093836,-27.674825123875,-27.300887875161
42.4,-21.4265622006674,-31.8814901832097,-27.744199141501,-27.3745601728336
42.5,-21.4523574054521,-31.9382572649219,-27.8138270124406,-27.4488332641421
42.6,-21.4784019120675,-31.9930901754812,-27.8836779761761,-27.5236941186806
42.7,-21.5046964791145,-32.0458421043889,-27.9537198729066,-27.5991310333422
42.8,-21.5312405942706,-32.0963730230703,-28.0239169734643,-27.6751278174435
42.9,-21.5580324839867,-32.1445535560576,-28.094230713347,-27.7516640719566
43,-21.5850715439076,-32.1902432984233,-28.1646209647334,-27.8287204922556
43.1,-21.6123571164196,-32.2333016344682,-28.2350449937028,-27.9062759456849
43.2,-21.6398884878321,-32.2735884515655,-28.3054573464858,-27.9843073530371
43.3,-21.6676648853947,-32.3109649050542,-28.375809735661,-28.0627895644219
43.4,-21.6956854741366,-32.3452942285413,-28.4460509270687,-28.1416952295416
43.5,-21.7239493535172,-32.3764425824912,-28.516126628315,-28.2209946624539
43.6,-21.75245555387,-32.4042799324799,-28.5859793798483,-28.3006557009581
43.7,-21.7812030326266,-32.4286809470701,-28.6555484497117,-28.3806435608286
43.8,-21.8101906703042,-32.4495259039233,-28.7247697331865,-28.4609206852057
43.9,-21.8394172662345,-32.4667015915796,-28.7935756586653,-28.5414465895571
44,-21.8688815340186,-32.4801021933985,-28.8618951012037,-28.6221777027481
44.1,-21.8985820966808,-32.4896301394321,-28.9296533053098,-28.7030672048878
44.2,-21.9285174815017,-32.4951969116574,-28.9967718186327,-28.7840648627791
44.3,-21.9586861145017,-32.4967237879402,-29.0631684382894,-28.8651168639643
44.4,-21.9890863145488,-32.4941425104736,-29.1287571716241,-28.9461656505568
44.5,-22.0197162870586,-32.487395865157,-29.1934482132365,-29.0271497542509
44.6,-22.0505741172582,-32.4764381594958,-29.2571479400863,-29.1080036341435
44.7,-22.0816577629736,-32.4612355880564,-29.3197589264326,-29.1886575192389
44.8,-22.1129650469121,-32.4417664762595,-29.3811799802344,-29.2690372577864
44.9,-22.144493648394,-32.4180213952843,-29.4413062024343,-29.3490641758786
45,-22.1762410945023,-32.3900031429761,-29.5000290702536,-29.428654948043
45.1,-22.2082047506054,-32.3577265878417,-29.5572365452054,-29.5077214828623
45.2,-22.2403838735098,-32.3211772504951,-29.6127960675395,-29.5861638287935
45.3,-22.2727733495997,-32.2804351837551,-29.6666037891525,-29.6638891178398
45.4,-22.3053699896057,-32.2355494483048,-29.7185379369935,-29.740794335353
45.5,-22.3381703972015,-32.1865791630867,-29.7684739008833,-29.8167714658365
45.6,-22.3711709558883,-32.133592680595,-29.8162844506116,-29.8917075118849
45.7,-22.4043678151293,-32.0766666416729,-29.8618399631216,-29.9654845528974
45.8,-22.437756875769,-32.0158849133173,-29.9050086517705,-30.0379798484463
45.9,-22.471333774814,-31.9513374109594,-29.9456567870433,-30.1090659912422
46,-22.5050938697059,-31.8831188033778,-29.9836488949539,-30.1786111146271
46.1,-22.5390322222911,-31.8113270935928,-30.0188479156076,-30.2464791593725
46.2,-22.5731435827945,-31.7360620623693,-30.0511152999236,-30.3125302042933
46.3,-22.6074223742404,-31.6574235519211,-30.0803110173008,-30.3766208647651
46.4,-22.6418626779561,-31.5755095554367,-30.1062934411263,-30.4386047626377
46.5,-22.6764582210348,-31.4904140624201,-30.128919072737,-30.4983330702651
46.6,-22.7112023669781,-31.4022245897312,-30.1480420586474,-30.5556551304036
46.7,-22.7460881111795,-31.3110193028997,-30.1635134524266,-30.610419152581
46.8,-22.7811080834982,-31.2168636016877,-30.1751801757908,-30.6624729851829
46.9,-22.8162545609574,-31.1198060098481,-30.1828836520685,-30.711664960976
47,-22.8515194946115,-31.0198731784317,-30.1864581372756,-30.7578448121156
47.1,-22.886894555965,-30.9170638038105,-30.1857288965849,-30.8008646488769
47.2,-22.9223712100331,-30.8113413224904,-30.1805106418934,-30.8405799944754
47.3,-22.9579408243285,-30.7026254844864,-30.170607211039,-30.8768508664448
47.4,-22.9935948258211,-30.5907835750693,-30.1558146350833,-30.9095428931838
47.5,-23.0293249213204,-30.4756237053127,-30.1359321061899,-30.9385284525626
47.6,-23.0651237026631,-30.3568775370395,-30.1107638439226,-30.963668516343
47.7,-23.1009843782684,-30.2342590799651,-30.0802368557926,-30.9848509389035
47.8,-23.1369014989193,-30.1075557802723,-30.0445414051921,-31.0019942535725
47.9,-23.1728722422525,-29.9767976210826,-30.0043431675955,-31.0150094762181
48,-23.2088970170316,-29.8427157080784,-29.9612709009245,-31.023819880865
48.1,-23.2449806509252,-29.7075160330361,-29.9185500319814,-31.028361927714
48.2,-23.281133858852,-29.5758029267948,-29.8813913724966,-31.0285860972763
48.3,-23.3173750042322,-29.4545942129035,-29.8559312171852,-31.0244576159736
48.4,-23.3537321273158,-29.3505332410279,-29.8454786631969,-31.0159570602122
48.5,-23.3902451484255,-29.2645823952398,-29.8460884112745,-31.0030808276596
48.6,-23.4269680504639,-29.1897454541596,-29.8473596362114,-30.98584146608
48.7,-23.4639706994923,-29.1157481472991,-29.8392344893461,-30.9642678511223
48.8,-23.5013397815729,-29.0352569542215,-29.8171877986969,-30.938405204374
48.9,-23.5391781490145,-28.9456487113298,-29.7818597992809,-30.9083149409596
49,-23.5776017466821,-28.8474248753203,-29.7364483135061,-30.8740743306531
49.1,-23.6167333375274,-28.7424936815521,-29.685149653813,-30.8357759459631
49.2,-23.6566925969481,-28.6337366317962,-29.6334704013373,-30.7935268518844
49.3,-23.6975828918362,-28.526608961966,-29.5910236612796,-30.7474474600198
49.4,-23.7394761589415,-28.4358941715051,-29.580096350844,-30.6976699166208
49.5,-23.7823984722152,-28.4091967039016,-29.6581568365543,-30.6443358065035
49.6,-23.8263196341461,-28.562092373455,-29.909052420164,-30.5875928106497
49.7,-23.8711498971527,-28.7866105586774,-30.0517286617355,-30.527589717281
49.8,-23.9167454814645,-28.6485024224849,-29.7682027759999,-30.4644687908289
49.9,-23.9629222608923,-28.3844000935714,-29.4668938985938,-30.3983538428245
50,-24.0094747241778,-28.162833916998,-29.2548052494105,-30.3293312418393
