"s [um]","Freq [GHz]","lost_power_fraction []"
24.5,1,0.00683483677715158
24.5,1.098,0.00731152154443482
24.5,1.196,0.00778187311305334
24.5,1.294,0.0082418800368369
24.5,1.392,0.00868873743869758
24.5,1.49,0.00912064674804502
24.5,1.588,0.00953661819845741
24.5,1.686,0.00993628999252238
24.5,1.784,0.0103197711560147
24.5,1.882,0.0106875103018639
24.5,1.98,0.0110401895059736
24.5,2.078,0.0113786408321944
24.5,2.176,0.0117037823148348
24.5,2.274,0.0120165700708863
24.5,2.372,0.0123179634168995
24.5,2.47,0.0126089002344749
24.5,2.568,0.0128902802544282
24.5,2.666,0.0131629543493387
24.5,2.764,0.013427718304629
24.5,2.862,0.0136853098658046
24.5,2.96,0.013936408131728
24.5,3.058,0.0141816345843269
24.5,3.156,0.01442155522043
24.5,3.254,0.014656683388511
24.5,3.352,0.0148874830390534
24.5,3.45,0.0151143721781638
24.5,3.548,0.0153377263752782
24.5,3.646,0.0155578822216675
24.5,3.744,0.0157751406704953
24.5,3.842,0.015989770214199
24.5,3.94,0.016202009873128
24.5,4.038,0.0164120719824002
24.5,4.136,0.0166201447731178
24.5,4.234,0.0168263947503882
24.5,4.332,0.0170309688748377
24.5,4.43,0.0172339965569708
24.5,4.528,0.0174355914753351
24.5,4.626,0.0176358532302178
24.5,4.724,0.0178348688448529
24.5,4.822,0.0180327141259892
24.5,4.92,0.0182294548952483
24.5,5.018,0.0184251481021769
24.5,5.116,0.0186198428292467
24.5,5.214,0.018813581198355
24.5,5.312,0.0190063991876958
24.5,5.41,0.0191983273671498
24.5,5.508,0.0193893915597128
24.5,5.606,0.0195796134358033
24.5,5.704,0.0197690110467248
24.5,5.802,0.0199575993029925
24.5,5.9,0.0201453904027198
24.5,5.998,0.0203323942147871
24.5,6.096,0.0205186186210967
24.5,6.194,0.0207040698217993
24.5,6.292,0.0208887526070408
24.5,6.39,0.0210726705984365
24.5,6.488,0.0212558264631916
24.5,6.586,0.0214382221035082
24.5,6.684,0.021619858823685
24.5,6.782,0.0218007374770812
24.5,6.88,0.0219808585949312
24.5,6.978,0.02216022249879
24.5,7.076,0.0223388293982596
24.5,7.174,0.022516679475452
24.5,7.272,0.0226937729575507
24.5,7.37,0.0228701101786777
24.5,7.468,0.023045691632175
24.5,7.566,0.0232205180143142
24.5,7.664,0.0233945902603256
24.5,7.762,0.0235679095735973
24.5,7.86,0.0237404774487741
24.5,7.958,0.0239122956894542
24.5,8.056,0.0240833664210844
24.5,8.154,0.0242536920996229
24.5,8.252,0.0244232755164736
24.5,8.35,0.0245921198001452
24.5,8.448,0.0247602284150559
24.5,8.546,0.0249276051578485
24.5,8.644,0.0250942541515653
24.5,8.742,0.0252601798379741
24.5,8.84,0.0254253869683303
24.5,8.938,0.0255898805928121
24.5,9.036,0.0257536660488582
24.5,9.134,0.0259167489486014
24.5,9.232,0.0260791351655744
24.5,9.33,0.0262408308208545
24.5,9.428,0.0264018422687748
24.5,9.526,0.0265621760823425
24.5,9.624,0.0267218390384639
24.5,9.722,0.0268808381030804
24.5,9.82,0.0270391804162986
24.5,9.918,0.0271968732775957
24.5,10.016,0.0273539241311599
24.5,10.114,0.0275103405514276
24.5,10.212,0.0276661302288649
24.5,10.31,0.0278213009560359
24.5,10.408,0.0279758606139977
24.5,10.506,0.0281298171590446
24.5,10.604,0.0282831786098336
24.5,10.702,0.02843595303491
24.5,10.8,0.0285881485406426
24.5,10.898,0.0287397732595938
24.5,10.996,0.0288908353393191
24.5,11.094,0.0290413429316162
24.5,11.192,0.0291913041822123
24.5,11.29,0.0293407272209028
24.5,11.388,0.0294896201521407
24.5,11.486,0.0296379910460568
24.5,11.584,0.029785847929935
24.5,11.682,0.029933198780107
24.5,11.78,0.0300800515142834
24.5,11.878,0.030226413984297
24.5,11.976,0.0303722939692638
24.5,12.074,0.0305176991691368
24.5,12.172,0.0306626371986575
24.5,12.27,0.0308071155816824
24.5,12.368,0.0309511417458853
24.5,12.466,0.0310947230178124
24.5,12.564,0.0312378666182884
24.5,12.662,0.0313805796581569
24.5,12.76,0.0315228691343467
24.5,12.858,0.0316647419262497
24.5,12.956,0.0318062047923992
24.5,13.054,0.0319472643674412
24.5,13.152,0.0320879271593832
24.5,13.25,0.0322281995471074
24.5,13.348,0.032368087778146
24.5,13.446,0.0325075979666956
24.5,13.544,0.0326467360918725
24.5,13.642,0.0327855079961912
24.5,13.74,0.0329239193842525
24.5,13.838,0.0330619758216438
24.5,13.936,0.0331996827340296
24.5,14.034,0.033337045406429
24.5,14.132,0.03347406898267
24.5,14.23,0.0336107584650107
24.5,14.328,0.033747118713923
24.5,14.426,0.0338831544480218
24.5,14.524,0.0340188702441443
24.5,14.622,0.0341542705375572
24.5,14.72,0.0342893596223006
24.5,14.818,0.0344241416516445
24.5,14.916,0.0345586206386668
24.5,15.014,0.0346928004569319
24.5,15.112,0.034826684841279
24.5,15.21,0.0349602773886938
24.5,15.308,0.0350935815592849
24.5,15.406,0.0352266006773306
24.5,15.504,0.0353593379324098
24.5,15.602,0.0354917963806077
24.5,15.7,0.0356239789457866
24.5,15.798,0.0357558884209217
24.5,15.896,0.0358875274694979
24.5,15.994,0.0360188986269594
24.5,16.092,0.0361500043022107
24.5,16.19,0.0362808467791664
24.5,16.288,0.0364114282183431
24.5,16.386,0.0365417506584897
24.5,16.484,0.036671816018256
24.5,16.582,0.0368016260978979
24.5,16.68,0.0369311825810039
24.5,16.778,0.0370604870362604
24.5,16.876,0.0371895409192301
24.5,16.974,0.0373183455741639
24.5,17.072,0.0374469022358224
24.5,17.17,0.0375752120313235
24.5,17.268,0.0377032759819945
24.5,17.366,0.0378310950052517
24.5,17.464,0.0379586699164749
24.5,17.562,0.0380860014309046
24.5,17.66,0.0382130901655393
24.5,17.758,0.0383399366410379
24.5,17.856,0.0384665412836314
24.5,17.954,0.038592904427034
24.5,18.052,0.0387190263143548
24.5,18.15,0.0388449071000098
24.5,18.248,0.0389705468516367
24.5,18.346,0.0390959455520004
24.5,18.444,0.0392211031008987
24.5,18.542,0.0393460193170659
24.5,18.64,0.0394706939400651
24.5,18.738,0.0395951266321773
24.5,18.836,0.039719316980285
24.5,18.934,0.0398432644977449
24.5,19.032,0.039966968626251
24.5,19.13,0.0400904287376913
24.5,19.228,0.0402136441359936
24.5,19.326,0.0403366140589593
24.5,19.424,0.0404593376800857
24.5,19.522,0.040581814110379
24.5,19.62,0.0407040424001541
24.5,19.718,0.0408260215408189
24.5,19.816,0.0409477504666517
24.5,19.914,0.041069228056559
24.5,20.012,0.0411904531358211
24.5,20.11,0.0413114244778298
24.5,20.208,0.0414321408058013
24.5,20.306,0.041552600794485
24.5,20.404,0.0416728030718487
24.5,20.502,0.0417927462207568
24.5,20.6,0.0419124287806278
24.5,20.698,0.0420318492490769
24.5,20.796,0.04215100608355
24.5,20.894,0.0422698977029303
24.5,20.992,0.0423885224891435
24.5,21.09,0.0425068787887326
24.5,21.188,0.0426249649144309
24.5,21.286,0.0427427791467103
24.5,21.384,0.0428603197353142
24.5,21.482,0.042977584900783
24.5,21.58,0.0430945728359503
24.5,21.678,0.0432112817074378
24.5,21.776,0.0433277096571222
24.5,21.874,0.0434438548035936
24.5,21.972,0.0435597152435973
24.5,22.07,0.0436752890534593
24.5,22.168,0.043790574290494
24.5,22.266,0.0439055689943968
24.5,22.364,0.0440202711886292
24.5,22.462,0.0441346788817762
24.5,22.56,0.0442487900688958
24.5,22.658,0.0443626027328541
24.5,22.756,0.0444761148456404
24.5,22.854,0.0445893243696708
24.5,22.952,0.0447022292590793
24.5,23.05,0.0448148274609842
24.5,23.148,0.0449271169167541
24.5,23.246,0.045039095563247
24.5,23.344,0.0451507613340409
24.5,23.442,0.0452621121606512
24.5,23.54,0.0453731459737294
24.5,23.638,0.0454838607042494
24.5,23.736,0.045594254284683
24.5,23.834,0.0457043246501594
24.5,23.932,0.0458140697396082
24.5,24.03,0.0459234874968929
24.5,24.128,0.0460325758719305
24.5,24.226,0.0461413328217967
24.5,24.324,0.0462497563118148
24.5,24.422,0.0463578443166408
24.5,24.52,0.0464655948213257
24.5,24.618,0.0465730058223719
24.5,24.716,0.0466800753287717
24.5,24.814,0.046786801363038
24.5,24.912,0.0468931819622213
24.5,25.01,0.0469992151789125
24.5,25.108,0.0471048990822359
24.5,25.206,0.0472102317588305
24.5,25.304,0.0473152113138183
24.5,25.402,0.0474198358717607
24.5,25.5,0.0475241035776061
24.5,25.598,0.047628012597621
24.5,25.696,0.0477315611203188
24.5,25.794,0.047834747357366
24.5,25.892,0.0479375695444894
24.5,25.99,0.0480400259423599
24.5,26.088,0.0481421148374794
24.5,26.186,0.048243834543046
24.5,26.284,0.0483451833998143
24.5,26.382,0.0484461597769464
24.5,26.48,0.0485467620728446
24.5,26.578,0.0486469887159876
24.5,26.676,0.0487468381657457
24.5,26.774,0.0488463089131902
24.5,26.872,0.0489453994818938
24.5,26.97,0.04904410842872
24.5,27.068,0.0491424343446065
24.5,27.166,0.049240375855333
24.5,27.264,0.0493379316222879
24.5,27.362,0.0494351003432189
24.5,27.46,0.0495318807529795
24.5,27.558,0.0496282716242652
24.5,27.656,0.0497242717683397
24.5,27.754,0.0498198800357555
24.5,27.852,0.0499150953170636
24.5,27.95,0.0500099165435169
24.5,28.048,0.0501043426877622
24.5,28.146,0.0501983727645299
24.5,28.244,0.0502920058313091
24.5,28.342,0.0503852409890199
24.5,28.44,0.0504780773826764
24.5,28.538,0.0505705142020403
24.5,28.636,0.0506625506822683
24.5,28.734,0.0507541861045567
24.5,28.832,0.0508454197967695
24.5,28.93,0.050936251134065
24.5,29.028,0.0510266795395186
24.5,29.126,0.0511167044847292
24.5,29.224,0.0512063254904258
24.5,29.322,0.0512955421270681
24.5,29.42,0.051384354015435
24.5,29.518,0.0514727608272109
24.5,29.616,0.0515607622855609
24.5,29.714,0.0516483581657082
24.5,29.812,0.0517355482954942
24.5,29.91,0.0518223325559414
24.5,30.008,0.0519087108818032
24.5,30.106,0.0519946832621129
24.5,30.204,0.052080249740725
24.5,30.302,0.0521654104168505
24.5,30.4,0.0522501654455839
24.5,30.498,0.0523345150384285
24.5,30.596,0.0524184594638125
24.5,30.694,0.0525019990476073
24.5,30.792,0.0525851341736224
24.5,30.89,0.0526678652841206
24.5,30.988,0.0527501928803028
24.5,31.086,0.0528321175228053
24.5,31.184,0.0529136398321811
24.5,31.282,0.0529947604893828
24.5,31.38,0.0530754802362385
24.5,31.478,0.0531557998759181
24.5,31.576,0.0532357202734008
24.5,31.674,0.0533152423559384
24.5,31.772,0.0533943671135044
24.5,31.87,0.0534730955992505
24.5,31.968,0.0535514289299487
24.5,32.066,0.0536293682864362
24.5,32.164,0.0537069149140486
24.5,32.262,0.0537840701230556
24.5,32.36,0.0538608352890859
24.5,32.458,0.053937211853552
24.5,32.556,0.0540132013240697
24.5,32.654,0.0540888052748719
24.5,32.752,0.0541640253472199
24.5,32.85,0.0542388632498083
24.5,32.948,0.0543133207591672
24.5,33.046,0.0543873997200649
24.5,33.144,0.0544611020458914
24.5,33.242,0.0545344297190599
24.5,33.34,0.0546073847913842
24.5,33.438,0.0546799693844651
24.5,33.536,0.0547521856900658
24.5,33.634,0.054824035970487
24.5,33.732,0.0548955225589387
24.5,33.83,0.0549666478599032
24.5,33.928,0.0550374143495003
24.5,34.026,0.0551078245758455
24.5,34.124,0.0551778811594053
24.5,34.222,0.055247586793347
24.5,34.32,0.0553169442438909
24.5,34.418,0.0553859563506484
24.5,34.516,0.0554546260269676
24.5,34.614,0.0555229562602673
24.5,34.712,0.0555909501123731
24.5,34.81,0.0556586107198427
24.5,34.908,0.0557259412942981
24.5,35.006,0.0557929451227446
24.5,35.104,0.0558596255678886
24.5,35.202,0.0559259860684579
24.5,35.3,0.0559920301395129
24.5,35.398,0.056057761372751
24.5,35.496,0.056123183436818
24.5,35.594,0.0561883000776058
24.5,35.692,0.0562531151185532
24.5,35.79,0.0563176324609421
24.5,35.888,0.0563818560841829
24.5,35.986,0.0564457900461116
24.5,36.084,0.0565094384832653
24.5,36.182,0.0565728056111731
24.5,36.28,0.0566358957246262
24.5,36.378,0.0566987131979556
24.5,36.476,0.0567612624853032
24.5,36.574,0.0568235481208876
24.5,36.672,0.0568855747192695
24.5,36.77,0.0569473469756134
24.5,36.868,0.0570088696659418
24.5,36.966,0.0570701476473904
24.5,37.064,0.0571311858584572
24.5,37.162,0.0571919893192511
24.5,37.26,0.0572525631317307
24.5,37.358,0.0573129124799491
24.5,37.456,0.0573730426302824
24.5,37.554,0.0574329589316696
24.5,37.652,0.0574926668158366
24.5,37.75,0.0575521717975187
24.5,37.848,0.0576114794746868
24.5,37.946,0.05767059552876
24.5,38.044,0.057729525724823
24.5,38.142,0.0577882759118343
24.5,38.24,0.057846852022826
24.5,38.338,0.0579052600751181
24.5,38.436,0.0579635061705039
24.5,38.534,0.0580215964954517
24.5,38.632,0.0580795373212925
24.5,38.73,0.0581373350044041
24.5,38.828,0.0581949959863948
24.5,38.926,0.0582525267942822
24.5,39.024,0.0583099340406605
24.5,39.122,0.0583672244238814
24.5,39.22,0.0584244047282058
24.5,39.318,0.0584814818239713
24.5,39.416,0.0585384626677499
24.5,39.514,0.0585953543024929
24.5,39.612,0.0586521638576866
24.5,39.71,0.0587088985494869
24.5,39.808,0.0587655656808631
24.5,39.906,0.0588221726417267
24.5,40.004,0.0588787269090643
24.5,40.102,0.0589352360470569
24.5,40.2,0.0589917077072019
24.5,40.298,0.059048149628425
24.5,40.396,0.0591045696371901
24.5,40.494,0.0591609756476018
24.5,40.592,0.059217375661507
24.5,40.69,0.0592737777685827
24.5,40.788,0.0593301901464289
24.5,40.886,0.0593866210606504
24.5,40.984,0.0594430788649317
24.5,41.082,0.0594995720011111
24.5,41.18,0.0595561089992449
24.5,41.278,0.059612698477667
24.5,41.376,0.0596693491430464
24.5,41.474,0.0597260697904363
24.5,41.572,0.059782869303311
24.5,41.67,0.0598397566536119
24.5,41.768,0.0598967409017637
24.5,41.866,0.0599538311967162
24.5,41.964,0.0600110367759529
24.5,42.062,0.0600683669655023
24.5,42.16,0.0601258311799453
24.5,42.258,0.0601834389224132
24.5,42.356,0.0602411997845814
24.5,42.454,0.0602991234466533
24.5,42.552,0.0603572196773399
24.5,42.65,0.0604154983338349
24.5,42.748,0.0604739693617664
24.5,42.846,0.060532642795175
24.5,42.944,0.0605915287564438
24.5,43.042,0.0606506374562581
24.5,43.14,0.0607099791935278
24.5,43.238,0.0607695643553299
24.5,43.336,0.0608294034168136
24.5,43.434,0.0608895069411255
24.5,43.532,0.0609498855793114
24.5,43.63,0.0610105500702086
24.5,43.728,0.0610715112403466
24.5,43.826,0.0611327800038173
24.5,43.924,0.0611943673621544
24.5,44.022,0.0612562844041954
24.5,44.12,0.0613185423059447
24.5,44.218,0.0613811523304116
24.5,44.316,0.0614441258274625
24.5,44.414,0.0615074742336364
24.5,44.512,0.061571209071984
24.5,44.61,0.0616353419518676
24.5,44.708,0.0616998845687756
24.5,44.806,0.0617648487041119
24.5,44.904,0.0618302462249817
24.5,45.002,0.0618960890839747
24.5,45.1,0.0619623893189275
24.5,45.198,0.0620291590526835
24.5,45.296,0.0620964104928422
24.5,45.394,0.0621641559314977
24.5,45.492,0.0622324077449675
24.5,45.59,0.0623011783935151
24.5,45.688,0.0623704804210558
24.5,45.786,0.0624403264548564
24.5,45.884,0.0625107292052315
24.5,45.982,0.0625817014652136
24.5,46.08,0.0626532561102262
24.5,46.178,0.0627254060977452
24.5,46.276,0.062798164466942
24.5,46.374,0.0628715443383232
24.5,46.472,0.0629455589133606
24.5,46.57,0.0630202214741025
24.5,46.668,0.0630955453827751
24.5,46.766,0.0631715440813939
24.5,46.864,0.0632482310913276
24.5,46.962,0.0633256200128801
24.5,47.06,0.0634037245248507
24.5,47.158,0.0634825583840808
24.5,47.256,0.0635621354249952
24.5,47.354,0.0636424695591288
24.5,47.452,0.0637235747746416
24.5,47.55,0.0638054651358189
24.5,47.648,0.0638881547825711
24.5,47.746,0.063971657929905
24.5,47.844,0.064055988867399
24.5,47.942,0.0641411619586588
24.5,48.04,0.0642271916407576
24.5,48.138,0.0643140924236747
24.5,48.236,0.0644018788897117
24.5,48.334,0.0644905656928998
24.5,48.432,0.0645801675584051
24.5,48.53,0.0646706992818993
24.5,48.628,0.0647621757289395
24.5,48.726,0.0648546118343247
24.5,48.824,0.0649480226014409
24.5,48.922,0.065042423101602
24.5,49.02,0.0651378284733609
24.5,49.118,0.065234253921825
24.5,49.216,0.065331714717948
24.5,49.314,0.0654302261978258
24.5,49.412,0.0655298037619403
24.5,49.51,0.0656304628744462
24.5,49.608,0.0657322190624008
24.5,49.706,0.0658350879149949
24.5,49.804,0.0659390850827826
24.5,49.902,0.0660442262768712
24.5,50,0.0661505272681314
